age,education,employed_now,employed_wife,children,haafez_self,vjobs_self,mwage_self,mwage_others,mwage_confidence,outside_self,outside_others,outside_confidence,semiseg_self,semiseg_others,semiseg_confidence,labor_demand_guess,session,signed_up_number,condition2,college_deg,married,num_know_per,num_mfs_per,stag,outside_guess,outside_objective,outside_wedge,semiseg_guess,semiseg_objective,semiseg_wedge,mwage_guess,mwage_objective,mwage_wedge,outside_wedge_pos,interaction,age_groups
24,5,1,1,2,1,1,1,3,4,1,29,5,1,27,4,92,1,1,0,0,1,0.9666666388511658,0.5,1,30,27,3,28,23,5,4,18,-14,1,0,2
20,3,1,1,2,1,1,0,12,3,1,22,3,1,14,2,27,1,0,1,0,1,0.9666666388511658,0.3333333432674408,0,23,27,-4,15,23,-8,12,18,-6,0,0,1
28,3,0,0,0,1,1,0,20,3,1,25,3,1,24,3,50,1,0,0,0,1,0,0,0,26,27,-1,25,23,2,20,18,2,0,0,2
18,3,1,0,1,1,1,1,15,4,1,19,5,1,26,4,20,1,0,0,0,1,0.9666666388511658,0.9666666388511658,0,20,27,-7,27,23,4,16,18,-2,0,0,1
29,6,1,1,2,0,1,1,16,4,1,28,5,1,24,5,75,1,0,0,1,1,0.9666666388511658,0.3333333432674408,0,29,27,2,25,23,2,17,18,-1,1,0,2
20,6,1,1,0,1,1,1,29,4,1,29,5,1,29,4,50,1,1,0,1,1,0.9666666388511658,0.9666666388511658,0,30,27,3,30,23,7,30,18,12,1,0,1
22,3,1,1,1,1,1,1,6,2,1,8,2,0,8,2,17,1,0,1,0,1,0.9666666388511658,0.9666666388511658,0,9,27,-18,8,23,-15,7,18,-11,0,0,1
19,3,1,1,1,1,1,0,18,5,1,26,4,0,22,4,70,1,0,0,0,1,0.6666666865348816,0.1666666716337204,0,27,27,0,22,23,-1,18,18,0,0,0,1
35,3,1,1,3,0,1,0,19,3,1,15,4,1,25,5,92,1,1,1,0,1,0.3333333432674408,0.6666666865348816,0,16,27,-11,26,23,3,19,18,1,0,0,3
35,6,1,1,2,1,1,1,22,2,1,22,5,1,19,3,60,1,0,0,1,1,0.9666666388511658,0.1666666716337204,0,23,27,-4,20,23,-3,23,18,5,0,0,3
29,6,1,1,2,1,1,1,3,3,1,5,2,1,11,2,78,1,0,1,1,1,0.9666666388511658,0.3333333432674408,0,6,27,-21,12,23,-11,4,18,-14,0,0,2
29,7,1,1,2,1,1,1,26,3,1,24,4,0,13,3,52,1,0,1,1,1,0,0,0,25,27,-2,13,23,-10,27,18,9,0,0,2
20,5,1,0,1,1,1,1,3,2,1,26,3,1,22,2,54,1,0,0,0,1,0.9666666388511658,0.6666666865348816,0,27,27,0,23,23,0,4,18,-14,0,0,1
23,5,1,1,1,1,1,1,5,3,1,6,2,1,10,3,26,1,0,1,0,1,0.1666666716337204,0.1666666716337204,0,7,27,-20,11,23,-12,6,18,-12,0,0,1
28,6,1,1,1,0,0,1,19,5,1,29,5,1,29,5,100,1,0,0,1,1,0.5,0.6666666865348816,0,30,27,3,30,23,7,20,18,2,1,0,2
18,3,0,0,2,1,1,1,18,4,1,29,5,1,19,4,50,1,1,0,0,1,0.1666666716337204,0.3333333432674408,0,30,27,3,20,23,-3,19,18,1,1,0,1
25,5,1,1,1,0,0,0,16,4,1,24,4,1,14,3,50,1,0,1,0,1,0.1666666716337204,0.9666666388511658,0,25,27,-2,15,23,-8,16,18,-2,0,0,2
25,5,1,1,2,0,0,0,29,2,1,29,3,0,3,2,59,1,0,1,0,1,0.9666666388511658,0.1666666716337204,0,30,27,3,3,23,-20,29,18,11,1,1,2
25,7,1,0,2,1,0,1,10,5,1,10,5,1,5,3,70,1,0,0,1,1,0.9666666388511658,0.3333333432674408,0,11,27,-16,6,23,-17,11,18,-7,0,0,2
25,5,1,1,1,0,0,0,12,3,1,15,3,0,9,3,58,1,0,1,0,1,0.9666666388511658,0.9666666388511658,0,16,27,-11,9,23,-14,12,18,-6,0,0,2
23,3,1,1,1,0,0,1,29,5,0,29,5,1,28,5,54,1,0,1,0,1,0.9666666388511658,0.9666666388511658,0,29,27,2,29,23,6,30,18,12,1,1,1
34,4,1,1,4,1,1,0,18,2,1,23,3,1,23,5,79,1,1,0,0,1,0.9666666388511658,0.9666666388511658,0,24,27,-3,24,23,1,18,18,0,0,0,3
18,3,1,0,2,0,1,0,19,2,1,16,3,0,21,3,50,1,0,0,0,1,0.1666666716337204,0.1666666716337204,0,17,27,-10,21,23,-2,19,18,1,0,0,1
23,5,1,1,1,1,1,0,4,3,1,20,4,1,15,3,59,1,0,0,0,1,0.1666666716337204,0.1666666716337204,0,21,27,-6,16,23,-7,4,18,-14,0,0,1
21,3,1,1,2,1,1,1,14,3,1,29,1,1,8,5,28,1,0,1,0,1,0.9666666388511658,0.9666666388511658,0,30,27,3,9,23,-14,15,18,-3,1,1,1
25,6,1,1,2,1,1,1,29,5,1,29,5,1,29,5,100,1,0,1,1,1,0.9666666388511658,0.9666666388511658,0,30,27,3,30,23,7,30,18,12,1,1,2
18,3,1,1,1,1,1,1,20,3,1,29,5,1,29,5,70,1,0,0,0,1,0.9666666388511658,0.9666666388511658,0,30,27,3,30,23,7,21,18,3,1,0,1
19,3,1,1,2,1,1,1,12,3,1,28,4,1,19,3,34,2,0,0,0,1,0.9666666388511658,0.1666666716337204,1,29,29.117645263671875,-0.117645263671875,20,24.705883026123047,-4.705883026123047,13,21.176471710205078,-8.176471710205078,0,0,1
27,6,1,1,3,1,1,1,25,4,1,20,4,1,20,4,56,2,0,1,1,1,0.8333333134651184,0.6666666865348816,0,21,29.117645263671875,-8.117645263671875,21,24.705883026123047,-3.705883026123047,26,21.176471710205078,4.823528289794922,0,0,2
19,3,1,1,0,1,1,0,28,5,1,28,5,0,27,4,62,2,0,0,0,1,0.8333333134651184,0.1666666716337204,0,29,29.117645263671875,-0.117645263671875,27,24.705883026123047,2.294116973876953,28,21.176471710205078,6.823528289794922,0,0,1
21,3,0,0,3,0,0,0,22,1,1,19,1,1,29,5,50,2,0,0,0,1,0.1666666716337204,0.1666666716337204,0,20,29.117645263671875,-9.117645263671875,30,24.705883026123047,5.294116973876953,22,21.176471710205078,0.8235282897949219,0,0,1
19,5,1,1,3,1,1,1,22,4,1,16,3,1,18,4,44,2,0,1,0,1,0.8333333134651184,0.1666666716337204,0,17,29.117645263671875,-12.117645263671875,19,24.705883026123047,-5.705883026123047,23,21.176471710205078,1.8235282897949219,0,0,1
26,3,1,1,1,1,1,1,15,3,1,29,5,1,17,5,46,2,0,1,0,1,0.9666666388511658,0.1666666716337204,0,30,29.117645263671875,0.882354736328125,18,24.705883026123047,-6.705883026123047,16,21.176471710205078,-5.176471710205078,1,1,2
18,3,1,0,0,1,1,0,29,5,1,23,5,1,24,5,86,2,0,0,0,1,0.8333333134651184,0.1666666716337204,0,24,29.117645263671875,-5.117645263671875,25,24.705883026123047,0.2941169738769531,29,21.176471710205078,7.823528289794922,0,0,1
29,5,1,0,0,1,1,0,20,3,1,23,3,1,25,4,70,2,0,0,0,1,0.9666666388511658,0.9666666388511658,0,24,29.117645263671875,-5.117645263671875,26,24.705883026123047,1.2941169738769531,20,21.176471710205078,-1.1764717102050781,0,0,2
19,5,1,1,3,1,1,1,9,4,1,10,4,1,16,2,29,2,0,0,0,1,0.3333333432674408,0.1666666716337204,0,11,29.117645263671875,-18.117645263671875,17,24.705883026123047,-7.705883026123047,10,21.176471710205078,-11.176471710205078,0,0,1
26,5,1,1,2,1,0,1,14,3,1,10,2,1,16,2,31,2,1,0,0,1,0.3333333432674408,0.3333333432674408,0,11,29.117645263671875,-18.117645263671875,17,24.705883026123047,-7.705883026123047,15,21.176471710205078,-6.176471710205078,0,0,2
30,3,0,1,4,1,1,1,15,3,1,20,4,1,20,4,34,2,0,0,0,1,0.9666666388511658,0,0,21,29.117645263671875,-8.117645263671875,21,24.705883026123047,-3.705883026123047,16,21.176471710205078,-5.176471710205078,0,0,3
34,8,1,1,3,1,0,1,22,4,1,23,3,1,20,3,73,2,1,1,1,1,0.9666666388511658,0.5,0,24,29.117645263671875,-5.117645263671875,21,24.705883026123047,-3.705883026123047,23,21.176471710205078,1.8235282897949219,0,0,3
33,3,1,1,4,1,1,1,21,4,1,17,3,0,13,3,31,2,0,0,0,1,0.9666666388511658,0,0,18,29.117645263671875,-11.117645263671875,13,24.705883026123047,-11.705883026123047,22,21.176471710205078,0.8235282897949219,0,0,3
26,6,1,0,0,1,1,1,27,4,1,25,4,1,22,4,57,2,0,0,1,1,0.6666666865348816,0.3333333432674408,0,26,29.117645263671875,-3.117645263671875,23,24.705883026123047,-1.7058830261230469,28,21.176471710205078,6.823528289794922,0,0,2
25,6,1,0,0,1,1,0,29,5,1,29,5,0,29,5,16,2,0,0,1,1,0.9666666388511658,0,0,30,29.117645263671875,0.882354736328125,29,24.705883026123047,4.294116973876953,29,21.176471710205078,7.823528289794922,1,0,2
18,3,1,0,0,1,1,0,29,5,1,29,5,1,29,5,60,2,0,1,0,1,0.8333333134651184,0.1666666716337204,0,30,29.117645263671875,0.882354736328125,30,24.705883026123047,5.294116973876953,29,21.176471710205078,7.823528289794922,1,1,1
21,5,1,1,1,1,1,1,23,4,1,24,4,1,28,4,70,2,0,1,0,1,0.9666666388511658,0.1666666716337204,0,25,29.117645263671875,-4.117645263671875,29,24.705883026123047,4.294116973876953,24,21.176471710205078,2.823528289794922,0,0,1
20,3,1,1,4,1,1,1,10,4,1,29,5,1,19,5,50,2,0,1,0,1,0.9666666388511658,0.9666666388511658,0,30,29.117645263671875,0.882354736328125,20,24.705883026123047,-4.705883026123047,11,21.176471710205078,-10.176471710205078,1,1,1
22,3,1,1,4,1,1,1,10,3,1,9,4,1,13,3,28,2,0,0,0,1,0.8333333134651184,0.1666666716337204,0,10,29.117645263671875,-19.117645263671875,14,24.705883026123047,-10.705883026123047,11,21.176471710205078,-10.176471710205078,0,0,1
24,3,1,0,2,1,1,1,26,3,0,25,3,1,27,5,67,2,1,0,0,1,0,0,0,25,29.117645263671875,-4.117645263671875,28,24.705883026123047,3.294116973876953,27,21.176471710205078,5.823528289794922,0,0,2
20,3,1,1,0,1,1,1,29,5,1,15,4,1,20,5,50,2,0,0,0,1,0.9666666388511658,0.1666666716337204,0,16,29.117645263671875,-13.117645263671875,21,24.705883026123047,-3.705883026123047,30,21.176471710205078,8.823528289794922,0,0,1
20,3,1,1,0,1,1,1,6,3,1,12,4,1,19,3,29,2,0,0,0,1,0.9666666388511658,0.3333333432674408,0,13,29.117645263671875,-16.117645263671875,20,24.705883026123047,-4.705883026123047,7,21.176471710205078,-14.176471710205078,0,0,1
24,5,1,1,2,1,1,1,25,3,1,27,4,1,26,3,85,2,0,0,0,1,0.9666666388511658,0.9666666388511658,0,28,29.117645263671875,-1.117645263671875,27,24.705883026123047,2.294116973876953,26,21.176471710205078,4.823528289794922,0,0,2
32,5,1,0,4,0,1,1,12,3,1,13,3,1,21,2,25,2,0,1,0,1,0.9666666388511658,0.9666666388511658,0,14,29.117645263671875,-15.117645263671875,22,24.705883026123047,-2.705883026123047,13,21.176471710205078,-8.176471710205078,0,0,3
25,6,1,1,1,1,1,0,0,5,1,15,3,1,29,4,50,2,1,1,1,1,0.9666666388511658,0.1666666716337204,0,16,29.117645263671875,-13.117645263671875,30,24.705883026123047,5.294116973876953,0,21.176471710205078,-21.176471710205078,0,0,2
25,6,0,0,0,1,1,1,23,5,1,26,5,0,13,5,86,2,1,1,1,1,0.9666666388511658,0.1666666716337204,0,27,29.117645263671875,-2.117645263671875,13,24.705883026123047,-11.705883026123047,24,21.176471710205078,2.823528289794922,0,0,2
23,5,1,1,1,1,1,1,24,3,1,28,4,1,28,4,83,2,1,0,0,1,0.9666666388511658,0.9666666388511658,0,29,29.117645263671875,-0.117645263671875,29,24.705883026123047,4.294116973876953,25,21.176471710205078,3.823528289794922,0,0,1
18,3,0,1,0,1,1,0,26,4,1,28,5,1,23,4,40,2,0,1,0,1,0.9666666388511658,0.1666666716337204,0,29,29.117645263671875,-0.117645263671875,24,24.705883026123047,-0.7058830261230469,26,21.176471710205078,4.823528289794922,0,0,1
28,5,1,1,2,1,1,1,29,5,1,29,5,1,29,5,100,2,1,0,0,1,0.5,0.5,0,30,29.117645263671875,0.882354736328125,30,24.705883026123047,5.294116973876953,30,21.176471710205078,8.823528289794922,1,0,2
18,3,1,0,0,1,1,0,28,5,1,28,5,0,28,4,69,2,0,1,0,1,0.8333333134651184,0.1666666716337204,0,29,29.117645263671875,-0.117645263671875,28,24.705883026123047,3.294116973876953,28,21.176471710205078,6.823528289794922,0,0,1
18,3,1,1,0,1,1,0,26,4,1,26,4,0,23,4,50,2,0,1,0,1,0.8333333134651184,0.1666666716337204,0,27,29.117645263671875,-2.117645263671875,23,24.705883026123047,-1.7058830261230469,26,21.176471710205078,4.823528289794922,0,0,1
21,3,0,1,0,0,0,1,5,2,1,15,3,1,19,2,80,2,1,1,0,1,0.1666666716337204,0.1666666716337204,0,16,29.117645263671875,-13.117645263671875,20,24.705883026123047,-4.705883026123047,6,21.176471710205078,-15.176471710205078,0,0,1
22,3,1,1,2,1,1,1,18,5,1,18,3,1,18,4,49,2,0,1,0,1,0.8333333134651184,0.5,0,19,29.117645263671875,-10.117645263671875,19,24.705883026123047,-5.705883026123047,19,21.176471710205078,-2.176471710205078,0,0,1
22,3,1,0,1,1,0,1,18,2,1,14,3,1,9,2,35,3,0,0,0,1,0.9666666388511658,0.9666666388511658,1,15,27.9310359954834,-12.931035995483398,10,27.9310359954834,-17.9310359954834,19,24.827587127685547,-5.827587127685547,0,0,1
20,3,1,1,1,1,1,1,16,3,1,22,5,1,20,3,85,3,0,1,0,1,0.9666666388511658,0.1666666716337204,0,23,27.9310359954834,-4.931035995483398,21,27.9310359954834,-6.931035995483398,17,24.827587127685547,-7.827587127685547,0,0,1
19,3,1,1,1,1,1,1,16,3,1,18,3,1,16,3,50,3,0,1,0,1,0.9666666388511658,0,0,19,27.9310359954834,-8.931035995483398,17,27.9310359954834,-10.931035995483398,17,24.827587127685547,-7.827587127685547,0,0,1
19,3,1,1,1,1,1,1,4,3,1,19,3,1,11,4,59,3,0,0,0,1,0,0.1666666716337204,0,20,27.9310359954834,-7.931035995483398,12,27.9310359954834,-15.931035995483398,5,24.827587127685547,-19.827587127685547,0,0,1
25,5,1,1,1,1,1,0,14,3,1,11,2,1,8,2,40,3,1,1,0,1,0.9666666388511658,0.9666666388511658,0,12,27.9310359954834,-15.931035995483398,9,27.9310359954834,-18.9310359954834,14,24.827587127685547,-10.827587127685547,0,0,2
20,3,1,1,1,1,1,0,6,3,1,6,3,1,6,2,40,3,0,0,0,1,0.9666666388511658,0.9666666388511658,0,7,27.9310359954834,-20.9310359954834,7,27.9310359954834,-20.9310359954834,6,24.827587127685547,-18.827587127685547,0,0,1
20,3,1,1,2,1,1,1,19,4,1,20,4,1,16,4,77,3,0,0,0,1,0.9666666388511658,0.9666666388511658,0,21,27.9310359954834,-6.931035995483398,17,27.9310359954834,-10.931035995483398,20,24.827587127685547,-4.827587127685547,0,0,1
24,3,1,0,0,1,0,1,2,1,1,29,1,1,29,5,85,3,0,1,0,1,0.9666666388511658,0.9666666388511658,0,30,27.9310359954834,2.0689640045166016,30,27.9310359954834,2.0689640045166016,3,24.827587127685547,-21.827587127685547,1,1,2
20,3,1,1,1,1,0,1,6,3,1,8,3,1,8,2,36,3,0,0,0,1,0.3333333432674408,0.3333333432674408,0,9,27.9310359954834,-18.9310359954834,9,27.9310359954834,-18.9310359954834,7,24.827587127685547,-17.827587127685547,0,0,1
22,3,1,1,1,1,1,1,17,3,1,29,3,1,22,3,83,3,0,0,0,1,0.9666666388511658,0.9666666388511658,0,30,27.9310359954834,2.0689640045166016,23,27.9310359954834,-4.931035995483398,18,24.827587127685547,-6.827587127685547,1,0,1
21,3,1,1,1,1,0,0,16,4,1,13,4,1,16,4,48,3,1,0,0,1,0.9666666388511658,0.3333333432674408,0,14,27.9310359954834,-13.931035995483398,17,27.9310359954834,-10.931035995483398,16,24.827587127685547,-8.827587127685547,0,0,1
20,5,1,0,1,1,1,1,29,3,1,26,3,0,17,3,67,3,1,1,0,1,0.9666666388511658,0.9666666388511658,0,27,27.9310359954834,-0.9310359954833984,17,27.9310359954834,-10.931035995483398,30,24.827587127685547,5.172412872314453,0,0,1
21,3,1,1,1,1,1,1,13,4,1,16,5,1,16,5,66,3,1,0,0,1,0.9666666388511658,0.3333333432674408,0,17,27.9310359954834,-10.931035995483398,17,27.9310359954834,-10.931035995483398,14,24.827587127685547,-10.827587127685547,0,0,1
21,3,1,1,3,1,1,1,19,3,1,29,5,1,21,5,0,3,0,1,0,1,0.9666666388511658,0.9666666388511658,0,30,27.9310359954834,2.0689640045166016,22,27.9310359954834,-5.931035995483398,20,24.827587127685547,-4.827587127685547,1,1,1
24,3,1,1,1,1,1,1,23,5,1,25,5,1,24,5,77,3,1,1,0,1,0.9666666388511658,0,0,26,27.9310359954834,-1.9310359954833984,25,27.9310359954834,-2.9310359954833984,24,24.827587127685547,-0.8275871276855469,0,0,2
19,3,1,0,1,1,1,1,29,5,0,29,5,1,28,5,88,3,1,1,0,1,0.9666666388511658,0.9666666388511658,0,29,27.9310359954834,1.0689640045166016,29,27.9310359954834,1.0689640045166016,30,24.827587127685547,5.172412872314453,1,1,1
28,5,1,1,3,1,1,1,19,2,1,23,2,1,22,2,33,3,1,1,0,1,0.1666666716337204,0.1666666716337204,0,24,27.9310359954834,-3.9310359954833984,23,27.9310359954834,-4.931035995483398,20,24.827587127685547,-4.827587127685547,0,0,2
19,8,1,1,3,1,1,1,3,1,1,9,2,1,3,1,0,3,0,0,1,1,0.9666666388511658,0.9666666388511658,0,10,27.9310359954834,-17.9310359954834,4,27.9310359954834,-23.9310359954834,4,24.827587127685547,-20.827587127685547,0,0,1
26,7,1,1,2,1,0,1,16,3,1,9,2,1,17,3,45,3,1,1,1,1,0.9666666388511658,0.6666666865348816,0,10,27.9310359954834,-17.9310359954834,18,27.9310359954834,-9.931035995483398,17,24.827587127685547,-7.827587127685547,0,0,2
25,6,1,0,1,0,1,1,19,3,1,16,3,1,18,3,50,3,0,1,1,1,0.9666666388511658,0.9666666388511658,0,17,27.9310359954834,-10.931035995483398,19,27.9310359954834,-8.931035995483398,20,24.827587127685547,-4.827587127685547,0,0,2
21,3,1,1,1,1,1,1,22,3,1,22,3,1,17,2,57,3,0,1,0,1,0.9666666388511658,0.6666666865348816,0,23,27.9310359954834,-4.931035995483398,18,27.9310359954834,-9.931035995483398,23,24.827587127685547,-1.8275871276855469,0,0,1
22,5,1,1,2,1,1,1,29,5,1,29,5,1,29,5,100,3,0,1,0,1,0.9666666388511658,0.3333333432674408,0,30,27.9310359954834,2.0689640045166016,30,27.9310359954834,2.0689640045166016,30,24.827587127685547,5.172412872314453,1,1,1
23,3,1,1,1,0,1,1,10,1,1,29,3,0,2,1,15,3,0,1,0,1,0.9666666388511658,0.8333333134651184,0,30,27.9310359954834,2.0689640045166016,2,27.9310359954834,-25.9310359954834,11,24.827587127685547,-13.827587127685547,1,1,1
25,5,1,1,1,1,1,1,29,2,1,13,2,1,0,5,27,3,0,0,0,1,0,0.1666666716337204,0,14,27.9310359954834,-13.931035995483398,1,27.9310359954834,-26.9310359954834,30,24.827587127685547,5.172412872314453,0,0,2
19,3,1,0,0,1,1,1,0,1,1,0,1,1,0,1,26,3,0,0,0,1,0.9666666388511658,0.9666666388511658,0,1,27.9310359954834,-26.9310359954834,1,27.9310359954834,-26.9310359954834,1,24.827587127685547,-23.827587127685547,0,0,1
24,3,1,0,2,1,1,0,29,5,0,27,5,1,27,5,100,3,0,0,0,1,0.1666666716337204,0.1666666716337204,0,27,27.9310359954834,-0.9310359954833984,28,27.9310359954834,0.06896400451660156,29,24.827587127685547,4.172412872314453,0,0,2
20,4,1,0,0,0,0,0,24,4,1,27,5,1,17,3,60,3,0,0,0,1,0.9666666388511658,0.3333333432674408,0,28,27.9310359954834,0.06896400451660156,18,27.9310359954834,-9.931035995483398,24,24.827587127685547,-0.8275871276855469,1,0,1
20,5,1,1,1,1,1,1,20,3,1,13,3,1,13,3,40,3,0,0,0,1,0.9666666388511658,0,0,14,27.9310359954834,-13.931035995483398,14,27.9310359954834,-13.931035995483398,21,24.827587127685547,-3.827587127685547,0,0,1
22,3,0,1,3,1,0,1,16,4,1,16,3,1,16,3,51,3,0,0,0,1,0.9666666388511658,0,0,17,27.9310359954834,-10.931035995483398,17,27.9310359954834,-10.931035995483398,17,24.827587127685547,-7.827587127685547,0,0,1
34,5,1,1,2,1,1,1,1,5,1,0,5,1,29,5,100,4,1,0,0,1,0.9666666388511658,0.6666666865348816,1,1,29,-28,30,30,0,2,23,-21,0,0,3
20,5,1,1,2,1,1,1,16,4,1,12,3,1,23,5,75,4,0,0,0,1,0.1666666716337204,0.1666666716337204,0,13,29,-16,24,30,-6,17,23,-6,0,0,1
18,3,1,1,1,1,1,1,29,5,1,28,5,1,29,5,100,4,1,1,0,1,0,0.9666666388511658,0,29,29,0,30,30,0,30,23,7,0,0,1
19,3,0,0,0,1,1,1,29,5,1,29,5,1,28,5,74,4,1,1,0,1,0.9666666388511658,0.9666666388511658,0,30,29,1,29,30,-1,30,23,7,1,1,1
18,3,0,1,0,1,1,1,10,4,1,14,3,1,9,3,53,4,1,1,0,1,0.1666666716337204,0.1666666716337204,0,15,29,-14,10,30,-20,11,23,-12,0,0,1
30,6,1,1,2,1,1,1,23,5,1,24,5,1,25,3,40,4,0,0,1,1,0.9666666388511658,0.1666666716337204,0,25,29,-4,26,30,-4,24,23,1,0,0,3
23,5,1,1,0,1,1,0,29,5,1,29,4,1,24,5,100,4,0,1,0,1,0.9666666388511658,0.9666666388511658,0,30,29,1,25,30,-5,29,23,6,1,1,1
23,7,1,1,0,1,1,1,24,4,1,29,5,1,29,5,100,4,0,0,1,1,0.9666666388511658,0.9666666388511658,0,30,29,1,30,30,0,25,23,2,1,0,1
27,6,1,1,2,1,1,0,22,5,1,29,5,1,29,4,62,4,0,1,1,1,0.9666666388511658,0.1666666716337204,0,30,29,1,30,30,0,22,23,-1,1,1,2
24,6,1,1,0,1,1,1,19,4,1,0,1,1,0,1,89,4,1,1,1,1,0.9666666388511658,0.9666666388511658,0,1,29,-28,1,30,-29,20,23,-3,0,0,2
24,6,1,1,3,1,1,1,13,4,1,16,4,1,29,5,100,4,1,1,1,1,0.5,0.5,0,17,29,-12,30,30,0,14,23,-9,0,0,2
20,3,1,1,2,1,1,1,25,5,1,29,5,1,28,5,97,4,1,1,0,1,0.9666666388511658,0.9666666388511658,0,30,29,1,29,30,-1,26,23,3,1,1,1
26,5,1,1,1,1,0,0,17,4,1,19,4,1,19,3,64,4,0,0,0,1,0.9666666388511658,0.9666666388511658,0,20,29,-9,20,30,-10,17,23,-6,0,0,2
20,3,0,1,0,1,1,1,17,5,1,19,4,1,29,5,96,4,0,1,0,1,0.1666666716337204,0.9666666388511658,0,20,29,-9,30,30,0,18,23,-5,0,0,1
18,3,0,1,0,1,1,1,29,5,1,29,5,1,29,5,91,4,0,1,0,1,0.9666666388511658,0.9666666388511658,0,30,29,1,30,30,0,30,23,7,1,1,1
18,3,1,1,1,1,1,1,2,1,1,6,2,1,5,1,100,4,0,0,0,1,0.9666666388511658,0.9666666388511658,0,7,29,-22,6,30,-24,3,23,-20,0,0,1
25,6,0,0,2,1,0,1,29,3,1,25,4,1,29,5,72,4,0,1,1,1,0.9666666388511658,0.9666666388511658,0,26,29,-3,30,30,0,30,23,7,0,0,2
23,6,0,1,1,1,0,0,15,5,1,22,4,1,2,3,67,4,1,0,1,1,0.9666666388511658,0.9666666388511658,0,23,29,-6,3,30,-27,15,23,-8,0,0,1
19,3,0,0,0,0,0,1,0,1,1,0,1,1,29,5,67,4,0,1,0,1,0.9666666388511658,0.3333333432674408,0,1,29,-28,30,30,0,1,23,-22,0,0,1
19,5,1,1,0,1,1,0,7,5,1,20,3,1,10,3,50,4,0,1,0,1,0.9666666388511658,0,0,21,29,-8,11,30,-19,7,23,-16,0,0,1
19,5,1,1,1,1,1,1,5,2,1,4,2,1,5,2,0,4,0,0,0,1,0,0.1666666716337204,0,5,29,-24,6,30,-24,6,23,-17,0,0,1
27,7,1,1,3,1,1,1,0,2,1,23,4,1,22,4,33,4,0,0,1,1,0.9666666388511658,0.1666666716337204,0,24,29,-5,23,30,-7,1,23,-22,0,0,2
18,3,1,1,0,1,1,1,13,3,0,9,3,1,16,3,30,4,0,1,0,1,0.1666666716337204,0.1666666716337204,0,9,29,-20,17,30,-13,14,23,-9,0,0,1
18,9,1,1,1,1,1,1,0,1,1,0,1,1,0,1,2,4,0,1,1,1,0.9666666388511658,0.9666666388511658,0,1,29,-28,1,30,-29,1,23,-22,0,0,1
23,3,1,1,2,1,1,1,19,4,1,15,4,1,18,4,90,4,1,1,0,1,0.9666666388511658,0,0,16,29,-13,19,30,-11,20,23,-3,0,0,1
23,6,1,1,1,1,1,1,4,2,1,14,3,1,12,2,43,4,0,1,1,1,0.3333333432674408,0.3333333432674408,0,15,29,-14,13,30,-17,5,23,-18,0,0,1
18,3,1,1,1,1,1,1,0,1,1,0,1,1,0,1,100,4,0,0,0,1,0,0,0,1,29,-28,1,30,-29,1,23,-22,0,0,1
25,6,1,1,0,1,1,0,26,5,1,19,4,1,27,5,47,4,0,1,1,1,0.6666666865348816,0.6666666865348816,0,20,29,-9,28,30,-2,26,23,3,0,0,2
24,5,1,1,2,1,1,0,10,3,1,15,3,1,20,4,39,4,0,1,0,1,0.1666666716337204,0.3333333432674408,0,16,29,-13,21,30,-9,10,23,-13,0,0,2
20,5,0,0,0,1,1,1,6,3,1,20,3,1,18,3,83,5,1,1,0,1,0.1666666716337204,0.1666666716337204,1,21,30,-9,19,27.9310359954834,-8.931035995483398,7,27.9310359954834,-20.9310359954834,0,0,1
22,6,1,1,2,1,1,1,23,5,1,24,5,1,23,5,100,5,0,1,1,1,0.3333333432674408,0.3333333432674408,0,25,30,-5,24,27.9310359954834,-3.9310359954833984,24,27.9310359954834,-3.9310359954833984,0,0,1
23,6,1,1,0,1,1,1,14,5,1,13,5,1,15,5,61,5,0,1,1,1,0.1666666716337204,0.1666666716337204,0,14,30,-16,16,27.9310359954834,-11.931035995483398,15,27.9310359954834,-12.931035995483398,0,0,1
27,6,1,1,3,1,1,1,28,4,1,28,4,1,28,4,50,5,1,0,1,1,0.1666666716337204,0.3333333432674408,0,29,30,-1,29,27.9310359954834,1.0689640045166016,29,27.9310359954834,1.0689640045166016,0,0,2
22,6,1,1,1,1,0,1,23,5,1,29,5,1,29,5,100,5,0,1,1,1,0,0,0,30,30,0,30,27.9310359954834,2.0689640045166016,24,27.9310359954834,-3.9310359954833984,0,0,1
24,6,1,1,1,1,1,1,26,5,1,22,4,1,24,3,76,5,1,0,1,1,0.1666666716337204,0.1666666716337204,0,23,30,-7,25,27.9310359954834,-2.9310359954833984,27,27.9310359954834,-0.9310359954833984,0,0,2
27,6,1,1,1,1,1,1,26,5,1,24,5,1,21,4,61,5,1,0,1,1,0,0,0,25,30,-5,22,27.9310359954834,-5.931035995483398,27,27.9310359954834,-0.9310359954833984,0,0,2
22,5,0,0,0,1,1,1,3,4,1,12,3,1,8,4,45,5,0,0,0,1,0.1666666716337204,0.1666666716337204,0,13,30,-17,9,27.9310359954834,-18.9310359954834,4,27.9310359954834,-23.9310359954834,0,0,1
25,6,1,1,3,1,1,1,29,5,1,29,5,1,29,5,100,5,0,1,1,1,0.3333333432674408,0.9666666388511658,0,30,30,0,30,27.9310359954834,2.0689640045166016,30,27.9310359954834,2.0689640045166016,0,0,2
25,6,1,1,1,1,1,1,10,3,1,14,3,1,10,3,49,5,0,0,1,1,0.1666666716337204,0.1666666716337204,0,15,30,-15,11,27.9310359954834,-16.9310359954834,11,27.9310359954834,-16.9310359954834,0,0,2
21,5,1,1,1,1,1,1,29,5,1,29,5,1,29,5,100,5,1,0,0,1,0.3333333432674408,0.5,0,30,30,0,30,27.9310359954834,2.0689640045166016,30,27.9310359954834,2.0689640045166016,0,0,1
21,6,1,1,1,1,1,1,21,4,1,22,4,1,20,5,91,5,0,0,1,1,0.5,0.8333333134651184,0,23,30,-7,21,27.9310359954834,-6.931035995483398,22,27.9310359954834,-5.931035995483398,0,0,1
23,6,1,1,0,1,1,1,5,3,1,12,1,1,14,3,78,5,0,0,1,1,0.3333333432674408,0.3333333432674408,0,13,30,-17,15,27.9310359954834,-12.931035995483398,6,27.9310359954834,-21.9310359954834,0,0,1
21,6,1,1,1,1,1,1,20,5,1,29,5,1,29,5,94,5,1,1,1,1,0.1666666716337204,0.1666666716337204,0,30,30,0,30,27.9310359954834,2.0689640045166016,21,27.9310359954834,-6.931035995483398,0,0,1
25,7,1,1,2,1,1,1,26,5,1,26,5,1,26,5,100,5,1,1,1,1,0.1666666716337204,0.1666666716337204,0,27,30,-3,27,27.9310359954834,-0.9310359954833984,27,27.9310359954834,-0.9310359954833984,0,0,2
23,5,1,1,1,1,0,1,16,5,1,10,3,0,6,2,10,5,0,0,0,1,0.1666666716337204,0.3333333432674408,0,11,30,-19,6,27.9310359954834,-21.9310359954834,17,27.9310359954834,-10.931035995483398,0,0,1
20,3,1,1,0,1,1,1,10,3,1,10,3,1,7,3,24,5,0,0,0,1,0.1666666716337204,0.1666666716337204,0,11,30,-19,8,27.9310359954834,-19.9310359954834,11,27.9310359954834,-16.9310359954834,0,0,1
27,6,1,1,3,1,1,1,6,3,1,17,3,1,20,5,81,5,0,1,1,1,0.1666666716337204,0,0,18,30,-12,21,27.9310359954834,-6.931035995483398,7,27.9310359954834,-20.9310359954834,0,0,2
25,6,1,1,2,1,1,1,24,5,1,29,5,1,29,5,100,5,1,0,1,1,0.3333333432674408,0.3333333432674408,0,30,30,0,30,27.9310359954834,2.0689640045166016,25,27.9310359954834,-2.9310359954833984,0,0,2
22,9,1,1,1,1,1,1,5,4,1,11,3,1,18,4,61,5,0,1,1,1,0.1666666716337204,0.1666666716337204,0,12,30,-18,19,27.9310359954834,-8.931035995483398,6,27.9310359954834,-21.9310359954834,0,0,1
24,5,1,1,1,1,1,1,7,4,1,15,4,1,8,3,21,5,0,0,0,1,0.1666666716337204,0.1666666716337204,0,16,30,-14,9,27.9310359954834,-18.9310359954834,8,27.9310359954834,-19.9310359954834,0,0,2
24,6,1,0,2,0,1,0,5,3,1,5,3,1,29,3,33,5,0,1,1,1,0.1666666716337204,0.1666666716337204,0,6,30,-24,30,27.9310359954834,2.0689640045166016,5,27.9310359954834,-22.9310359954834,0,0,2
23,6,1,1,1,1,1,1,2,1,1,1,1,1,2,1,16,5,1,1,1,1,0.3333333432674408,0.3333333432674408,0,2,30,-28,3,27.9310359954834,-24.9310359954834,3,27.9310359954834,-24.9310359954834,0,0,1
24,6,1,1,2,1,1,1,11,3,1,0,1,1,0,1,22,5,1,0,1,1,0.1666666716337204,0.1666666716337204,0,1,30,-29,1,27.9310359954834,-26.9310359954834,12,27.9310359954834,-15.931035995483398,0,0,2
24,5,1,1,1,1,1,1,29,5,1,29,5,1,29,5,50,5,1,1,0,1,0,0.1666666716337204,0,30,30,0,30,27.9310359954834,2.0689640045166016,30,27.9310359954834,2.0689640045166016,0,0,2
22,6,1,1,0,1,1,1,29,5,1,15,5,1,22,5,87,5,1,0,1,1,0.6666666865348816,0.5,0,16,30,-14,23,27.9310359954834,-4.931035995483398,30,27.9310359954834,2.0689640045166016,0,0,1
27,6,1,1,1,1,0,1,29,5,1,28,5,1,26,5,98,5,1,1,1,1,0.9666666388511658,0.1666666716337204,0,29,30,-1,27,27.9310359954834,-0.9310359954833984,30,27.9310359954834,2.0689640045166016,0,0,2
22,6,1,1,1,1,1,1,29,5,1,25,4,1,26,5,70,6,0,0,1,1,0.9666666388511658,0.1666666716337204,1,26,29,-3,27,28,-1,30,25,5,0,0,1
22,3,1,0,2,1,1,1,29,5,1,29,5,1,29,5,100,6,1,0,0,1,0.9666666388511658,0.9666666388511658,0,30,29,1,30,28,2,30,25,5,1,0,1
24,3,1,1,2,1,1,1,26,5,1,29,2,1,26,2,70,6,0,1,0,1,0,0,0,30,29,1,27,28,-1,27,25,2,1,1,2
25,6,1,1,2,1,1,1,24,4,1,15,5,1,16,4,77,6,0,0,1,1,0.9666666388511658,0.6666666865348816,0,16,29,-13,17,28,-11,25,25,0,0,0,2
26,6,1,1,2,1,1,0,29,5,1,24,4,1,23,4,98,6,0,1,1,1,0,0,0,25,29,-4,24,28,-4,29,25,4,0,0,2
20,5,1,1,3,1,1,1,29,5,1,29,5,1,29,5,54,6,1,1,0,1,0.9666666388511658,0.3333333432674408,0,30,29,1,30,28,2,30,25,5,1,1,1
23,6,1,1,1,1,1,1,26,4,1,28,4,1,28,4,99,6,0,0,1,1,0,0,0,29,29,0,29,28,1,27,25,2,0,0,1
27,6,0,0,0,1,0,1,5,2,1,8,1,0,6,1,74,6,0,0,1,1,0,0,0,9,29,-20,6,28,-22,6,25,-19,0,0,2
23,6,1,1,0,1,1,1,12,4,1,20,3,1,10,3,62,6,0,1,1,1,0.1666666716337204,0.1666666716337204,0,21,29,-8,11,28,-17,13,25,-12,0,0,1
22,6,1,1,0,1,1,1,16,3,1,16,3,1,16,3,48,6,1,1,1,1,0.5,0.5,0,17,29,-12,17,28,-11,17,25,-8,0,0,1
25,6,1,1,2,1,1,1,10,3,1,10,3,1,11,3,36,6,1,0,1,1,0,0,0,11,29,-18,12,28,-16,11,25,-14,0,0,2
30,6,1,1,0,1,1,1,23,4,1,26,4,1,29,5,58,6,1,0,1,1,0,0,0,27,29,-2,30,28,2,24,25,-1,0,0,3
24,6,1,1,1,1,1,1,16,3,1,1,4,1,0,4,32,6,1,1,1,1,0,0.1666666716337204,0,2,29,-27,1,28,-27,17,25,-8,0,0,2
21,6,1,1,3,1,1,1,29,5,1,29,5,1,29,5,100,6,1,1,1,1,0.6666666865348816,0.3333333432674408,0,30,29,1,30,28,2,30,25,5,1,1,1
30,6,1,1,2,1,1,1,3,3,1,3,3,1,15,3,50,6,0,1,1,1,0.1666666716337204,0.1666666716337204,0,4,29,-25,16,28,-12,4,25,-21,0,0,3
20,5,1,0,1,1,1,1,7,3,1,10,3,1,13,2,48,6,0,1,0,1,0.3333333432674408,0.1666666716337204,0,11,29,-18,14,28,-14,8,25,-17,0,0,1
21,5,1,1,0,1,1,1,3,3,1,10,5,1,20,5,90,6,0,1,0,1,0,0,0,11,29,-18,21,28,-7,4,25,-21,0,0,1
25,6,1,1,2,1,1,1,20,4,1,18,4,1,20,4,35,6,0,0,1,1,0.1666666716337204,0.1666666716337204,0,19,29,-10,21,28,-7,21,25,-4,0,0,2
23,6,1,1,1,1,1,0,19,4,1,29,5,1,16,2,50,6,0,0,1,1,0.3333333432674408,0.1666666716337204,0,30,29,1,17,28,-11,19,25,-6,1,0,1
29,6,1,1,2,1,1,1,13,5,1,20,5,1,14,3,40,6,1,0,1,1,0,0,0,21,29,-8,15,28,-13,14,25,-11,0,0,2
21,5,1,1,2,1,1,1,29,5,1,29,5,1,29,5,50,6,0,0,0,1,0.5,0.5,0,30,29,1,30,28,2,30,25,5,1,0,1
23,3,1,0,1,0,1,1,23,3,0,23,2,1,19,2,70,6,1,1,0,1,0.1666666716337204,0.3333333432674408,0,23,29,-6,20,28,-8,24,25,-1,0,0,1
24,6,1,1,0,0,0,0,0,3,1,23,4,1,13,3,70,6,0,0,1,1,0,0,0,24,29,-5,14,28,-14,0,25,-25,0,0,2
26,5,1,1,2,1,1,1,25,5,1,27,5,1,29,5,70,6,0,0,0,1,0.9666666388511658,0.1666666716337204,0,28,29,-1,30,28,2,26,25,1,0,0,2
25,5,1,1,1,1,1,1,14,5,1,29,3,1,13,5,61,6,0,0,0,1,0.5,0.3333333432674408,0,30,29,1,14,28,-14,15,25,-10,1,0,2
23,6,1,1,1,1,1,1,26,5,1,26,5,1,26,5,70,6,0,1,1,1,0.6666666865348816,0.1666666716337204,0,27,29,-2,27,28,-1,27,25,2,0,0,1
27,6,1,1,0,1,0,1,6,3,1,19,4,0,17,5,58,6,1,0,1,1,0,0,0,20,29,-9,17,28,-11,7,25,-18,0,0,2
25,6,1,1,2,1,1,1,7,2,1,6,2,1,29,5,100,6,0,1,1,1,0.1666666716337204,0.3333333432674408,0,7,29,-22,30,28,2,8,25,-17,0,0,2
28,5,1,1,2,1,1,0,15,3,1,3,4,1,6,3,0,7,0,1,0,1,0.8333333134651184,0.3333333432674408,1,4,24.827587127685547,-20.827587127685547,7,26.89655113220215,-19.89655113220215,15,18.620689392089844,-3.6206893920898438,0,0,2
25,6,1,1,4,1,1,1,27,4,1,21,3,1,23,4,77,7,1,1,1,1,0.5,0.3333333432674408,0,22,24.827587127685547,-2.827587127685547,24,26.89655113220215,-2.8965511322021484,28,18.620689392089844,9.379310607910156,0,0,2
22,5,1,0,0,1,1,1,10,4,0,6,5,1,19,3,60,7,0,1,0,1,0.6666666865348816,0.1666666716337204,0,6,24.827587127685547,-18.827587127685547,20,26.89655113220215,-6.896551132202148,11,18.620689392089844,-7.620689392089844,0,0,1
26,6,1,0,1,1,1,0,0,5,1,29,2,1,29,1,0,7,0,0,1,1,0.1666666716337204,0.1666666716337204,0,30,24.827587127685547,5.172412872314453,30,26.89655113220215,3.1034488677978516,0,18.620689392089844,-18.620689392089844,1,0,2
25,6,1,1,3,1,1,1,0,5,1,29,5,1,29,5,0,7,0,0,1,1,0.1666666716337204,0.3333333432674408,0,30,24.827587127685547,5.172412872314453,30,26.89655113220215,3.1034488677978516,1,18.620689392089844,-17.620689392089844,1,0,2
28,6,1,0,2,0,1,0,3,3,1,16,3,0,9,3,8,7,0,1,1,1,0.9666666388511658,0,0,17,24.827587127685547,-7.827587127685547,9,26.89655113220215,-17.89655113220215,3,18.620689392089844,-15.620689392089844,0,0,2
28,6,1,0,0,0,1,1,15,3,1,14,3,1,16,3,51,7,0,1,1,1,0,0,0,15,24.827587127685547,-9.827587127685547,17,26.89655113220215,-9.896551132202148,16,18.620689392089844,-2.6206893920898438,0,0,2
25,6,1,1,0,1,1,1,23,3,1,29,5,1,29,5,65,7,1,1,1,1,0.1666666716337204,0.1666666716337204,0,30,24.827587127685547,5.172412872314453,30,26.89655113220215,3.1034488677978516,24,18.620689392089844,5.379310607910156,1,1,2
28,5,1,1,1,1,0,1,23,4,1,13,3,1,17,3,55,7,0,1,0,1,0.3333333432674408,0.1666666716337204,0,14,24.827587127685547,-10.827587127685547,18,26.89655113220215,-8.896551132202148,24,18.620689392089844,5.379310607910156,0,0,2
27,6,1,0,3,1,0,1,12,4,0,9,4,1,17,3,28,7,0,0,1,1,0.9666666388511658,0.1666666716337204,0,9,24.827587127685547,-15.827587127685547,18,26.89655113220215,-8.896551132202148,13,18.620689392089844,-5.620689392089844,0,0,2
26,6,0,0,0,1,0,1,11,4,1,29,5,1,29,5,19,7,0,1,1,1,0.9666666388511658,0.1666666716337204,0,30,24.827587127685547,5.172412872314453,30,26.89655113220215,3.1034488677978516,12,18.620689392089844,-6.620689392089844,1,1,2
25,6,1,1,2,1,1,1,10,2,1,21,3,1,20,3,41,7,0,1,1,1,0,0.1666666716337204,0,22,24.827587127685547,-2.827587127685547,21,26.89655113220215,-5.896551132202148,11,18.620689392089844,-7.620689392089844,0,0,2
28,6,0,1,1,1,1,1,28,3,1,28,4,1,29,4,63,7,1,0,1,1,0.9666666388511658,0.9666666388511658,0,29,24.827587127685547,4.172412872314453,30,26.89655113220215,3.1034488677978516,29,18.620689392089844,10.379310607910156,1,0,2
22,7,1,1,0,1,1,0,13,3,1,13,3,1,10,3,40,7,0,0,1,1,0.5,0.3333333432674408,0,14,24.827587127685547,-10.827587127685547,11,26.89655113220215,-15.896551132202148,13,18.620689392089844,-5.620689392089844,0,0,1
22,3,1,0,0,1,1,1,10,5,1,29,5,1,28,5,40,7,0,0,0,1,0.3333333432674408,0.1666666716337204,0,30,24.827587127685547,5.172412872314453,29,26.89655113220215,2.1034488677978516,11,18.620689392089844,-7.620689392089844,1,0,1
30,6,1,0,0,1,1,0,19,3,1,16,3,1,29,5,50,7,0,1,1,1,0.6666666865348816,0.6666666865348816,0,17,24.827587127685547,-7.827587127685547,30,26.89655113220215,3.1034488677978516,19,18.620689392089844,0.37931060791015625,0,0,3
26,3,1,1,1,1,1,0,10,5,1,20,4,1,10,3,49,7,0,0,0,1,0.1666666716337204,0.1666666716337204,0,21,24.827587127685547,-3.827587127685547,11,26.89655113220215,-15.896551132202148,10,18.620689392089844,-8.620689392089844,0,0,2
27,7,1,1,2,1,1,1,16,4,1,17,3,1,29,5,77,7,0,0,1,1,0.1666666716337204,0.1666666716337204,0,18,24.827587127685547,-6.827587127685547,30,26.89655113220215,3.1034488677978516,17,18.620689392089844,-1.6206893920898438,0,0,2
25,5,1,1,1,1,1,1,23,1,1,7,1,1,1,1,2,7,1,0,0,1,0.9666666388511658,0.1666666716337204,0,8,24.827587127685547,-16.827587127685547,2,26.89655113220215,-24.89655113220215,24,18.620689392089844,5.379310607910156,0,0,2
25,7,1,1,2,1,1,1,26,4,1,29,5,1,27,5,0,7,1,1,1,1,0.9666666388511658,0.6666666865348816,0,30,24.827587127685547,5.172412872314453,28,26.89655113220215,1.1034488677978516,27,18.620689392089844,8.379310607910156,1,1,2
25,6,1,0,0,0,1,1,7,2,1,10,2,1,10,2,20,7,0,0,1,1,0.3333333432674408,0.3333333432674408,0,11,24.827587127685547,-13.827587127685547,11,26.89655113220215,-15.896551132202148,8,18.620689392089844,-10.620689392089844,0,0,2
24,6,1,0,2,1,1,1,12,1,1,29,1,1,13,2,56,7,1,0,1,1,0.3333333432674408,0.1666666716337204,0,30,24.827587127685547,5.172412872314453,14,26.89655113220215,-12.896551132202148,13,18.620689392089844,-5.620689392089844,1,0,2
22,3,0,1,2,1,1,1,8,2,1,5,2,1,7,5,0,7,0,1,0,1,0.8333333134651184,0.5,0,6,24.827587127685547,-18.827587127685547,8,26.89655113220215,-18.89655113220215,9,18.620689392089844,-9.620689392089844,0,0,1
25,6,0,0,1,0,1,1,23,2,1,16,1,1,29,4,38,7,0,0,1,1,0.8333333134651184,0.1666666716337204,0,17,24.827587127685547,-7.827587127685547,30,26.89655113220215,3.1034488677978516,24,18.620689392089844,5.379310607910156,0,0,2
25,5,1,1,1,1,1,0,19,4,1,22,5,1,0,1,39,7,0,1,0,1,0.9666666388511658,0.9666666388511658,0,23,24.827587127685547,-1.8275871276855469,1,26.89655113220215,-25.89655113220215,19,18.620689392089844,0.37931060791015625,0,0,2
20,9,1,1,2,1,1,0,14,3,0,7,1,0,0,1,7,7,0,0,1,1,0.1666666716337204,0,0,7,24.827587127685547,-17.827587127685547,0,26.89655113220215,-26.89655113220215,14,18.620689392089844,-4.620689392089844,0,0,1
28,6,1,0,2,1,0,0,7,3,0,1,3,0,2,1,27,7,0,1,1,1,0.8333333134651184,0.1666666716337204,0,1,24.827587127685547,-23.827587127685547,2,26.89655113220215,-24.89655113220215,7,18.620689392089844,-11.620689392089844,0,0,2
28,6,1,0,3,0,1,0,12,3,0,6,2,1,16,4,30,7,0,0,1,1,0.9666666388511658,0.1666666716337204,0,6,24.827587127685547,-18.827587127685547,17,26.89655113220215,-9.896551132202148,12,18.620689392089844,-6.620689392089844,0,0,2
25,6,1,1,3,1,1,0,23,5,1,29,5,1,23,2,100,8,0,1,1,1,0.1666666716337204,0.1666666716337204,1,30,29,1,24,26,-2,23,17,6,1,1,2
25,6,0,0,0,0,0,1,16,3,1,13,3,0,6,2,49,8,1,1,1,1,0.3333333432674408,0.1666666716337204,0,14,29,-15,6,26,-20,17,17,0,0,0,2
21,6,1,1,0,1,1,1,29,5,1,29,5,1,29,5,91,8,1,0,1,1,0.9666666388511658,0.8333333134651184,0,30,29,1,30,26,4,30,17,13,1,0,1
20,3,1,0,0,1,1,0,19,4,1,29,5,1,28,5,72,8,0,0,0,1,0.1666666716337204,0.3333333432674408,0,30,29,1,29,26,3,19,17,2,1,0,1
25,6,1,1,0,1,1,1,16,3,1,25,2,1,19,3,39,8,0,0,1,1,0,0.1666666716337204,0,26,29,-3,20,26,-6,17,17,0,0,0,2
23,6,0,1,0,1,0,1,23,4,1,24,4,1,20,4,41,8,1,1,1,1,0.3333333432674408,0.3333333432674408,0,25,29,-4,21,26,-5,24,17,7,0,0,1
25,6,1,1,0,1,1,0,15,4,1,20,3,1,15,4,40,8,1,1,1,1,0.1666666716337204,0.1666666716337204,0,21,29,-8,16,26,-10,15,17,-2,0,0,2
24,6,1,1,2,1,1,1,19,5,1,26,5,1,23,5,55,8,0,0,1,1,0.8333333134651184,0.1666666716337204,0,27,29,-2,24,26,-2,20,17,3,0,0,2
22,3,1,0,1,1,1,1,16,3,1,15,3,1,9,4,52,8,0,1,0,1,0.3333333432674408,0.1666666716337204,0,16,29,-13,10,26,-16,17,17,0,0,0,1
24,6,1,1,4,1,1,0,10,5,1,29,5,0,29,5,50,8,1,0,1,1,0.8333333134651184,0.3333333432674408,0,30,29,1,29,26,3,10,17,-7,1,0,2
25,6,1,1,2,1,1,1,29,5,1,29,5,1,29,5,100,8,0,0,1,1,0.8333333134651184,0.8333333134651184,0,30,29,1,30,26,4,30,17,13,1,0,2
20,5,0,0,0,1,1,1,25,5,1,25,3,1,29,5,81,8,1,0,0,1,0.9666666388511658,0.1666666716337204,0,26,29,-3,30,26,4,26,17,9,0,0,1
20,6,1,1,1,1,1,1,20,3,1,10,3,1,15,2,20,8,0,1,1,1,0.9666666388511658,0,0,11,29,-18,16,26,-10,21,17,4,0,0,1
30,7,1,1,2,1,1,1,10,2,1,25,4,1,27,4,29,8,0,1,1,1,0.9666666388511658,0.3333333432674408,0,26,29,-3,28,26,2,11,17,-6,0,0,3
24,6,1,1,1,1,1,0,16,2,1,17,2,1,5,2,27,8,1,0,1,1,0.1666666716337204,0.3333333432674408,0,18,29,-11,6,26,-20,16,17,-1,0,0,2
35,6,1,1,2,1,1,1,15,2,1,28,4,1,22,5,31,8,1,1,1,1,0.5,0.1666666716337204,0,29,29,0,23,26,-3,16,17,-1,0,0,3
25,6,1,0,4,1,1,1,26,4,0,26,4,1,29,5,100,8,1,1,1,1,0.9666666388511658,0.9666666388511658,0,26,29,-3,30,26,4,27,17,10,0,0,2
30,6,1,1,3,1,1,1,3,2,1,6,2,1,6,3,17,8,0,1,1,1,0.9666666388511658,0.1666666716337204,0,7,29,-22,7,26,-19,4,17,-13,0,0,3
23,6,1,0,0,1,0,0,14,2,1,24,2,1,15,2,50,8,0,0,1,1,0.9666666388511658,0.3333333432674408,0,25,29,-4,16,26,-10,14,17,-3,0,0,1
28,6,1,1,1,1,1,0,9,2,1,18,3,0,11,3,47,8,0,0,1,1,0.1666666716337204,0.1666666716337204,0,19,29,-10,11,26,-15,9,17,-8,0,0,2
24,6,1,1,3,1,1,0,9,2,1,6,3,1,11,2,27,8,1,1,1,1,0.8333333134651184,0.3333333432674408,0,7,29,-22,12,26,-14,9,17,-8,0,0,2
25,6,1,1,2,1,1,1,10,3,1,16,4,1,16,3,50,8,0,0,1,1,0.9666666388511658,0.6666666865348816,0,17,29,-12,17,26,-9,11,17,-6,0,0,2
24,6,1,1,2,1,0,0,13,2,1,19,3,1,21,4,38,8,0,0,1,1,0.8333333134651184,0.1666666716337204,0,20,29,-9,22,26,-4,13,17,-4,0,0,2
23,6,1,0,1,1,1,1,16,4,1,29,5,1,6,2,100,8,1,1,1,1,0.9666666388511658,0.3333333432674408,0,30,29,1,7,26,-19,17,17,0,1,1,1
25,6,1,0,1,1,1,0,23,4,1,23,4,1,19,4,70,8,0,1,1,1,0.1666666716337204,0.1666666716337204,0,24,29,-5,20,26,-6,23,17,6,0,0,2
26,6,1,1,2,1,1,1,26,4,1,29,5,1,27,4,88,8,1,0,1,1,0.3333333432674408,0.1666666716337204,0,30,29,1,28,26,2,27,17,10,1,0,2
25,6,1,1,7,0,0,1,14,4,1,9,3,0,23,3,39,8,0,0,1,1,0.1666666716337204,0.3333333432674408,0,10,29,-19,23,26,-3,15,17,-2,0,0,2
25,6,1,1,0,1,1,0,0,4,1,23,5,1,29,4,100,8,0,1,1,1,0.1666666716337204,0,0,24,29,-5,30,26,4,0,17,-17,0,0,2
28,6,1,0,1,0,1,0,26,3,1,26,3,1,16,3,52,8,1,1,1,1,0.1666666716337204,0.1666666716337204,0,27,29,-2,17,26,-9,26,17,9,0,0,2
25,3,1,1,2,1,1,1,22,4,1,20,4,1,21,4,71,9,1,0,0,1,0.6666666865348816,0.8333333134651184,1,21,25.555557250976563,-4.5555572509765625,22,25.555557250976563,-3.5555572509765625,23,18.88888931274414,4.111110687255859,0,0,2
22,3,0,0,0,0,1,1,29,5,1,29,3,1,0,1,80,9,0,1,0,1,0,0,0,30,25.555557250976563,4.4444427490234375,1,25.555557250976563,-24.555557250976563,30,18.88888931274414,11.11111068725586,1,1,1
25,5,1,1,2,1,1,1,29,5,1,29,5,1,29,5,100,9,0,0,0,1,0.9666666388511658,0.9666666388511658,0,30,25.555557250976563,4.4444427490234375,30,25.555557250976563,4.4444427490234375,30,18.88888931274414,11.11111068725586,1,0,2
23,5,1,1,0,1,1,1,23,5,1,23,4,1,21,4,68,9,1,1,0,1,0,0.1666666716337204,0,24,25.555557250976563,-1.5555572509765625,22,25.555557250976563,-3.5555572509765625,24,18.88888931274414,5.111110687255859,0,0,1
28,8,1,0,0,1,1,1,5,2,1,2,2,1,5,2,11,9,0,1,1,1,0.1666666716337204,0,0,3,25.555557250976563,-22.555557250976563,6,25.555557250976563,-19.555557250976563,6,18.88888931274414,-12.88888931274414,0,0,2
29,7,1,1,3,1,1,1,29,5,1,29,5,1,29,5,100,9,1,1,1,1,0.9666666388511658,0.3333333432674408,0,30,25.555557250976563,4.4444427490234375,30,25.555557250976563,4.4444427490234375,30,18.88888931274414,11.11111068725586,1,1,2
20,6,0,0,0,1,0,0,3,1,1,29,5,1,29,5,100,9,0,0,1,1,0,0,0,30,25.555557250976563,4.4444427490234375,30,25.555557250976563,4.4444427490234375,3,18.88888931274414,-15.88888931274414,1,0,1
32,6,1,1,2,1,1,1,6,3,1,4,2,1,4,2,19,9,0,0,1,1,0.1666666716337204,0.5,0,5,25.555557250976563,-20.555557250976563,5,25.555557250976563,-20.555557250976563,7,18.88888931274414,-11.88888931274414,0,0,3
22,5,1,0,0,1,0,0,15,3,0,11,3,0,14,3,51,9,0,0,0,1,0.1666666716337204,0.5,0,11,25.555557250976563,-14.555557250976563,14,25.555557250976563,-11.555557250976563,15,18.88888931274414,-3.8888893127441406,0,0,1
25,6,1,1,2,1,1,1,7,2,1,7,2,1,6,2,26,9,1,0,1,1,0.3333333432674408,0.3333333432674408,0,8,25.555557250976563,-17.555557250976563,7,25.555557250976563,-18.555557250976563,8,18.88888931274414,-10.88888931274414,0,0,2
28,3,1,1,3,1,1,1,27,3,1,27,5,1,26,3,91,9,0,0,0,1,0.1666666716337204,0.1666666716337204,0,28,25.555557250976563,2.4444427490234375,27,25.555557250976563,1.4444427490234375,28,18.88888931274414,9.11111068725586,1,0,2
19,3,1,0,0,1,1,0,22,3,1,20,5,1,23,4,61,9,1,1,0,1,0.1666666716337204,0.1666666716337204,0,21,25.555557250976563,-4.5555572509765625,24,25.555557250976563,-1.5555572509765625,22,18.88888931274414,3.1111106872558594,0,0,1
27,7,1,0,2,1,1,0,6,5,1,21,1,1,3,1,100,9,0,1,1,1,0.3333333432674408,0.1666666716337204,0,22,25.555557250976563,-3.5555572509765625,4,25.555557250976563,-21.555557250976563,6,18.88888931274414,-12.88888931274414,0,0,2
20,5,0,0,0,0,1,1,29,3,0,10,3,0,16,3,33,9,1,0,0,1,0.1666666716337204,0,0,10,25.555557250976563,-15.555557250976563,16,25.555557250976563,-9.5555572509765625,30,18.88888931274414,11.11111068725586,0,0,1
35,3,1,0,4,1,1,0,28,5,1,15,5,1,29,5,80,9,1,1,0,1,0.5,0.5,0,16,25.555557250976563,-9.5555572509765625,30,25.555557250976563,4.4444427490234375,28,18.88888931274414,9.11111068725586,0,0,3
19,3,1,1,2,1,1,1,21,3,1,17,3,1,18,3,70,9,1,1,0,1,0.9666666388511658,0.1666666716337204,0,18,25.555557250976563,-7.5555572509765625,19,25.555557250976563,-6.5555572509765625,22,18.88888931274414,3.1111106872558594,0,0,1
21,5,0,0,0,1,1,0,25,4,1,7,5,1,13,3,38,9,1,1,0,1,0.3333333432674408,0.1666666716337204,0,8,25.555557250976563,-17.555557250976563,14,25.555557250976563,-11.555557250976563,25,18.88888931274414,6.111110687255859,0,0,1
23,3,1,0,0,1,1,0,29,5,1,11,3,1,29,5,77,9,1,0,0,1,0,0.1666666716337204,0,12,25.555557250976563,-13.555557250976563,30,25.555557250976563,4.4444427490234375,29,18.88888931274414,10.11111068725586,0,0,1
22,6,1,1,2,1,1,1,29,5,1,8,2,1,7,2,13,9,0,0,1,1,0.9666666388511658,0.1666666716337204,0,9,25.555557250976563,-16.555557250976563,8,25.555557250976563,-17.555557250976563,30,18.88888931274414,11.11111068725586,0,0,1
34,5,1,1,2,1,1,0,14,3,0,3,2,1,15,4,39,9,0,0,0,1,0.1666666716337204,0.1666666716337204,0,3,25.555557250976563,-22.555557250976563,16,25.555557250976563,-9.5555572509765625,14,18.88888931274414,-4.888889312744141,0,0,3
25,6,1,1,0,1,1,1,29,5,1,29,5,1,29,5,100,9,0,0,1,1,0.9666666388511658,0.9666666388511658,0,30,25.555557250976563,4.4444427490234375,30,25.555557250976563,4.4444427490234375,30,18.88888931274414,11.11111068725586,1,0,2
24,6,1,0,0,1,1,0,1,5,1,0,1,0,4,1,30,9,0,0,1,1,0.8333333134651184,0.5,0,1,25.555557250976563,-24.555557250976563,4,25.555557250976563,-21.555557250976563,1,18.88888931274414,-17.88888931274414,0,0,2
26,6,1,1,1,1,1,1,22,3,1,20,3,1,27,3,53,9,0,0,1,1,0.1666666716337204,0.1666666716337204,0,21,25.555557250976563,-4.5555572509765625,28,25.555557250976563,2.4444427490234375,23,18.88888931274414,4.111110687255859,0,0,2
25,3,1,1,2,1,1,1,4,2,1,8,2,1,6,2,14,9,0,1,0,1,0,0.1666666716337204,0,9,25.555557250976563,-16.555557250976563,7,25.555557250976563,-18.555557250976563,5,18.88888931274414,-13.88888931274414,0,0,2
25,5,1,0,4,1,1,1,18,3,1,16,3,0,9,3,81,10,0,0,0,1,0.1666666716337204,0,1,17,24.827587127685547,-7.827587127685547,9,22.758621215820313,-13.758621215820313,19,25.86206817626953,-6.862068176269531,0,0,2
25,6,1,1,3,1,1,1,14,1,1,1,1,1,1,1,100,10,0,0,1,1,0.5,0.5,0,2,24.827587127685547,-22.827587127685547,2,22.758621215820313,-20.758621215820313,15,25.86206817626953,-10.862068176269531,0,0,2
23,5,1,1,6,1,0,1,6,2,1,20,3,1,4,2,47,10,0,1,0,1,0.3333333432674408,0.3333333432674408,0,21,24.827587127685547,-3.827587127685547,5,22.758621215820313,-17.758621215820313,7,25.86206817626953,-18.86206817626953,0,0,1
25,6,1,0,1,1,0,1,10,4,1,11,3,1,20,3,72,10,0,1,1,1,0.1666666716337204,0.1666666716337204,0,12,24.827587127685547,-12.827587127685547,21,22.758621215820313,-1.7586212158203125,11,25.86206817626953,-14.862068176269531,0,0,2
27,5,1,1,3,1,1,1,6,4,1,24,3,1,29,5,37,10,0,1,0,1,0.1666666716337204,0.1666666716337204,0,25,24.827587127685547,0.17241287231445313,30,22.758621215820313,7.2413787841796875,7,25.86206817626953,-18.86206817626953,1,1,2
28,5,1,1,5,1,1,1,13,2,1,9,4,1,17,3,40,10,0,0,0,1,0.1666666716337204,0.1666666716337204,0,10,24.827587127685547,-14.827587127685547,18,22.758621215820313,-4.7586212158203125,14,25.86206817626953,-11.862068176269531,0,0,2
25,5,0,0,0,0,0,1,20,4,1,20,4,1,20,4,25,10,0,0,0,1,0.9666666388511658,0,0,21,24.827587127685547,-3.827587127685547,21,22.758621215820313,-1.7586212158203125,21,25.86206817626953,-4.862068176269531,0,0,2
20,3,0,0,0,1,1,1,16,3,0,19,3,1,16,3,0,10,0,1,0,1,0.9666666388511658,0.9666666388511658,0,19,24.827587127685547,-5.827587127685547,17,22.758621215820313,-5.7586212158203125,17,25.86206817626953,-8.862068176269531,0,0,1
30,6,1,0,2,0,1,1,10,3,0,17,4,1,20,4,47,10,0,0,1,1,0,0.3333333432674408,0,17,24.827587127685547,-7.827587127685547,21,22.758621215820313,-1.7586212158203125,11,25.86206817626953,-14.862068176269531,0,0,3
20,3,0,0,0,1,1,0,0,1,1,0,1,1,0,5,0,10,0,0,0,1,0,0,0,1,24.827587127685547,-23.827587127685547,1,22.758621215820313,-21.758621215820313,0,25.86206817626953,-25.86206817626953,0,0,1
18,3,0,0,0,1,1,1,29,5,1,29,5,1,29,5,100,10,1,1,0,1,0,0.1666666716337204,0,30,24.827587127685547,5.172412872314453,30,22.758621215820313,7.2413787841796875,30,25.86206817626953,4.137931823730469,1,1,1
21,3,0,0,2,1,1,1,14,4,1,18,3,0,16,3,34,10,0,0,0,1,0.3333333432674408,0.1666666716337204,0,19,24.827587127685547,-5.827587127685547,16,22.758621215820313,-6.7586212158203125,15,25.86206817626953,-10.862068176269531,0,0,1
21,3,1,0,0,1,0,1,20,3,0,1,2,0,21,2,27,10,0,1,0,1,0.9666666388511658,0,0,1,24.827587127685547,-23.827587127685547,21,22.758621215820313,-1.7586212158203125,21,25.86206817626953,-4.862068176269531,0,0,1
28,3,1,1,3,1,1,1,11,3,1,14,2,1,10,2,40,10,0,1,0,1,0.1666666716337204,0.1666666716337204,0,15,24.827587127685547,-9.827587127685547,11,22.758621215820313,-11.758621215820313,12,25.86206817626953,-13.862068176269531,0,0,2
20,5,1,1,2,1,1,1,22,3,1,17,2,1,19,2,50,10,0,0,0,1,0.8333333134651184,0.6666666865348816,0,18,24.827587127685547,-6.827587127685547,20,22.758621215820313,-2.7586212158203125,23,25.86206817626953,-2.8620681762695313,0,0,1
24,6,1,0,1,1,1,0,29,5,1,20,4,0,17,3,33,10,0,0,1,1,0.9666666388511658,0.1666666716337204,0,21,24.827587127685547,-3.827587127685547,17,22.758621215820313,-5.7586212158203125,29,25.86206817626953,3.1379318237304688,0,0,2
36,3,1,1,2,1,1,1,6,3,1,25,4,0,21,3,24,10,0,1,0,1,0.3333333432674408,0.3333333432674408,0,26,24.827587127685547,1.1724128723144531,21,22.758621215820313,-1.7586212158203125,7,25.86206817626953,-18.86206817626953,1,1,3
21,3,1,0,0,1,1,1,16,3,1,12,3,1,15,3,68,10,1,0,0,1,0.9666666388511658,0.9666666388511658,0,13,24.827587127685547,-11.827587127685547,16,22.758621215820313,-6.7586212158203125,17,25.86206817626953,-8.862068176269531,0,0,1
23,3,1,1,2,1,1,1,15,3,1,15,3,1,15,3,49,10,0,1,0,1,0.1666666716337204,0.1666666716337204,0,16,24.827587127685547,-8.827587127685547,16,22.758621215820313,-6.7586212158203125,16,25.86206817626953,-9.862068176269531,0,0,1
25,3,1,0,2,1,1,1,9,4,1,11,3,1,24,3,17,10,0,0,0,1,0.3333333432674408,0.3333333432674408,0,12,24.827587127685547,-12.827587127685547,25,22.758621215820313,2.2413787841796875,10,25.86206817626953,-15.862068176269531,0,0,2
30,7,1,0,1,1,0,0,16,5,1,27,5,1,20,5,100,10,1,1,1,1,0.3333333432674408,0.1666666716337204,0,28,24.827587127685547,3.172412872314453,21,22.758621215820313,-1.7586212158203125,16,25.86206817626953,-9.862068176269531,1,1,3
21,5,0,1,0,1,1,1,6,3,1,9,3,1,13,3,7,10,1,1,0,1,0.3333333432674408,0.1666666716337204,0,10,24.827587127685547,-14.827587127685547,14,22.758621215820313,-8.7586212158203125,7,25.86206817626953,-18.86206817626953,0,0,1
20,3,1,0,0,1,1,0,10,4,0,18,3,1,18,4,49,10,0,1,0,1,0.9666666388511658,0.3333333432674408,0,18,24.827587127685547,-6.827587127685547,19,22.758621215820313,-3.7586212158203125,10,25.86206817626953,-15.862068176269531,0,0,1
19,3,0,0,0,1,0,1,6,5,1,19,4,0,6,2,50,10,0,0,0,1,0.3333333432674408,0.1666666716337204,0,20,24.827587127685547,-4.827587127685547,6,22.758621215820313,-16.758621215820313,7,25.86206817626953,-18.86206817626953,0,0,1
29,7,1,1,3,1,0,1,29,5,1,29,5,1,29,5,95,10,0,1,1,1,0.6666666865348816,0.3333333432674408,0,30,24.827587127685547,5.172412872314453,30,22.758621215820313,7.2413787841796875,30,25.86206817626953,4.137931823730469,1,1,2
28,8,1,1,4,1,1,1,29,4,1,29,5,1,29,4,100,10,1,1,1,1,0.9666666388511658,0.8333333134651184,0,30,24.827587127685547,5.172412872314453,30,22.758621215820313,7.2413787841796875,30,25.86206817626953,4.137931823730469,1,1,2
18,3,1,1,0,1,1,1,16,3,1,3,3,1,4,3,0,10,0,1,0,1,0,0.1666666716337204,0,4,24.827587127685547,-20.827587127685547,5,22.758621215820313,-17.758621215820313,17,25.86206817626953,-8.862068176269531,0,0,1
23,6,1,1,1,1,1,0,26,4,1,26,4,1,27,3,60,11,0,0,1,1,0.9666666388511658,0.8333333134651184,1,27,23.4375,3.5625,28,24.375,3.625,26,17.8125,8.1875,1,0,1
23,6,1,0,2,0,0,0,10,3,1,23,3,1,19,3,40,11,0,1,1,1,0.1666666716337204,0.9666666388511658,0,24,23.4375,0.5625,20,24.375,-4.375,10,17.8125,-7.8125,1,1,1
30,5,0,0,5,1,1,1,23,4,0,26,4,1,29,5,35,11,0,0,0,1,0.5,0,0,26,23.4375,2.5625,30,24.375,5.625,24,17.8125,6.1875,1,0,3
25,6,1,1,0,1,1,1,3,4,1,29,4,1,29,2,70,11,1,0,1,1,0.1666666716337204,0.9666666388511658,0,30,23.4375,6.5625,30,24.375,5.625,4,17.8125,-13.8125,1,0,2
25,6,1,1,0,1,1,0,0,1,1,29,1,1,0,1,71,11,0,0,1,1,0.3333333432674408,0.3333333432674408,0,30,23.4375,6.5625,1,24.375,-23.375,0,17.8125,-17.8125,1,0,2
24,6,1,1,2,1,1,0,29,3,1,29,5,1,29,5,100,11,0,1,1,1,0.1666666716337204,0.1666666716337204,0,30,23.4375,6.5625,30,24.375,5.625,29,17.8125,11.1875,1,1,2
19,3,1,0,2,1,1,0,17,5,1,21,4,1,17,5,64,11,0,1,0,1,0.9666666388511658,0.1666666716337204,0,22,23.4375,-1.4375,18,24.375,-6.375,17,17.8125,-0.8125,0,0,1
24,5,1,1,2,1,1,1,19,3,1,13,2,1,26,4,82,11,1,1,0,1,0.5,0.3333333432674408,0,14,23.4375,-9.4375,27,24.375,2.625,20,17.8125,2.1875,0,0,2
23,5,1,0,1,1,1,1,14,3,1,21,2,1,9,3,36,11,0,0,0,1,0.3333333432674408,0.5,0,22,23.4375,-1.4375,10,24.375,-14.375,15,17.8125,-2.8125,0,0,1
30,7,1,1,3,1,1,1,3,3,1,29,5,1,29,5,100,11,0,0,1,1,0.9666666388511658,0.1666666716337204,0,30,23.4375,6.5625,30,24.375,5.625,4,17.8125,-13.8125,1,0,3
20,5,1,1,5,1,1,1,17,4,1,28,5,1,25,4,67,11,0,0,0,1,0.1666666716337204,0.9666666388511658,0,29,23.4375,5.5625,26,24.375,1.625,18,17.8125,0.1875,1,0,1
23,6,1,1,2,1,1,1,9,4,1,14,4,1,14,4,60,11,1,0,1,1,0.1666666716337204,0.9666666388511658,0,15,23.4375,-8.4375,15,24.375,-9.375,10,17.8125,-7.8125,0,0,1
26,5,1,0,1,1,1,1,6,3,0,17,3,1,10,3,15,11,0,0,0,1,0.9666666388511658,0.6666666865348816,0,17,23.4375,-6.4375,11,24.375,-13.375,7,17.8125,-10.8125,0,0,2
24,5,1,1,2,1,1,1,28,5,1,29,5,1,14,3,46,11,0,0,0,1,0.9666666388511658,0.9666666388511658,0,30,23.4375,6.5625,15,24.375,-9.375,29,17.8125,11.1875,1,0,2
23,7,1,1,8,0,1,0,16,5,0,11,3,0,17,2,49,11,1,1,1,1,0.3333333432674408,0.9666666388511658,0,11,23.4375,-12.4375,17,24.375,-7.375,16,17.8125,-1.8125,0,0,1
26,6,1,0,1,1,1,1,18,5,1,18,5,1,18,5,0,11,0,1,1,1,0.1666666716337204,0.1666666716337204,0,19,23.4375,-4.4375,19,24.375,-5.375,19,17.8125,1.1875,0,0,2
22,5,1,1,0,1,1,1,20,3,1,29,3,1,19,3,60,11,1,1,0,1,0.1666666716337204,0.9666666388511658,0,30,23.4375,6.5625,20,24.375,-4.375,21,17.8125,3.1875,1,1,1
26,6,1,0,1,0,1,0,26,5,1,16,3,1,28,5,81,11,0,0,1,1,0.1666666716337204,0.9666666388511658,0,17,23.4375,-6.4375,29,24.375,4.625,26,17.8125,8.1875,0,0,2
23,6,1,1,2,0,1,1,16,4,1,20,4,1,16,4,50,11,0,0,1,1,0.6666666865348816,0.6666666865348816,0,21,23.4375,-2.4375,17,24.375,-7.375,17,17.8125,-0.8125,0,0,1
28,6,1,0,3,1,0,1,13,3,1,19,3,1,9,3,57,11,0,0,1,1,0.1666666716337204,0.9666666388511658,0,20,23.4375,-3.4375,10,24.375,-14.375,14,17.8125,-3.8125,0,0,2
24,6,0,0,2,1,0,1,28,3,1,17,4,1,24,5,60,11,0,0,1,1,0.8333333134651184,0.9666666388511658,0,18,23.4375,-5.4375,25,24.375,0.625,29,17.8125,11.1875,0,0,2
24,6,1,1,0,1,1,1,5,3,1,12,4,1,20,4,30,11,1,1,1,1,0.1666666716337204,0.1666666716337204,0,13,23.4375,-10.4375,21,24.375,-3.375,6,17.8125,-11.8125,0,0,2
18,3,1,1,2,1,1,1,29,5,1,29,5,1,29,5,100,11,0,0,0,1,0.9666666388511658,0.1666666716337204,0,30,23.4375,6.5625,30,24.375,5.625,30,17.8125,12.1875,1,0,1
19,3,1,1,2,1,1,1,11,2,1,10,2,1,10,3,30,11,0,0,0,1,0.6666666865348816,0.3333333432674408,0,11,23.4375,-12.4375,11,24.375,-13.375,12,17.8125,-5.8125,0,0,1
25,5,1,0,2,1,1,1,4,5,1,6,5,1,18,5,65,11,0,0,0,1,0.1666666716337204,0.9666666388511658,0,7,23.4375,-16.4375,19,24.375,-5.375,5,17.8125,-12.8125,0,0,2
22,5,1,0,1,0,1,0,10,3,1,21,4,1,29,5,30,11,0,0,0,1,0.6666666865348816,0.3333333432674408,0,22,23.4375,-1.4375,30,24.375,5.625,10,17.8125,-7.8125,0,0,1
26,6,1,1,3,1,0,1,16,2,1,18,4,1,17,3,49,12,1,1,1,1,0,0.1666666716337204,1,19,23.79310417175293,-4.79310417175293,18,26.89655113220215,-8.896551132202148,17,22.758621215820313,-5.7586212158203125,0,0,2
24,6,1,1,2,1,1,1,19,4,1,16,3,1,12,4,35,12,0,0,1,1,0.1666666716337204,0.1666666716337204,0,17,23.79310417175293,-6.79310417175293,13,26.89655113220215,-13.896551132202148,20,22.758621215820313,-2.7586212158203125,0,0,2
29,6,1,0,8,1,1,1,27,3,1,20,3,1,24,3,49,12,0,0,1,1,0.6666666865348816,0.1666666716337204,0,21,23.79310417175293,-2.7931041717529297,25,26.89655113220215,-1.8965511322021484,28,22.758621215820313,5.2413787841796875,0,0,2
20,5,1,0,3,1,1,1,13,2,1,8,2,1,5,2,29,12,0,1,0,1,0,0.1666666716337204,0,9,23.79310417175293,-14.79310417175293,6,26.89655113220215,-20.89655113220215,14,22.758621215820313,-8.7586212158203125,0,0,1
27,6,1,1,1,1,1,1,17,5,1,27,5,1,19,5,100,12,1,0,1,1,0.1666666716337204,0.1666666716337204,0,28,23.79310417175293,4.20689582824707,20,26.89655113220215,-6.896551132202148,18,22.758621215820313,-4.7586212158203125,1,0,2
27,5,1,1,0,1,1,1,29,3,1,29,5,1,29,5,100,12,0,0,0,1,0,0,0,30,23.79310417175293,6.20689582824707,30,26.89655113220215,3.1034488677978516,30,22.758621215820313,7.2413787841796875,1,0,2
28,6,1,1,2,1,1,1,16,3,1,20,3,1,21,4,74,12,0,0,1,1,0.5,0.3333333432674408,0,21,23.79310417175293,-2.7931041717529297,22,26.89655113220215,-4.896551132202148,17,22.758621215820313,-5.7586212158203125,0,0,2
31,7,1,1,2,1,1,1,29,5,1,29,5,1,29,5,100,12,0,1,1,1,0.9666666388511658,0.5,0,30,23.79310417175293,6.20689582824707,30,26.89655113220215,3.1034488677978516,30,22.758621215820313,7.2413787841796875,1,1,3
32,6,1,1,4,1,1,1,21,5,1,23,3,1,17,3,55,12,1,1,1,1,0.3333333432674408,0.1666666716337204,0,24,23.79310417175293,0.2068958282470703,18,26.89655113220215,-8.896551132202148,22,22.758621215820313,-0.7586212158203125,1,1,3
32,6,1,1,4,1,1,0,14,4,1,25,5,1,18,3,63,12,0,1,1,1,0.3333333432674408,0.1666666716337204,0,26,23.79310417175293,2.2068958282470703,19,26.89655113220215,-7.896551132202148,14,22.758621215820313,-8.7586212158203125,1,1,3
25,5,1,0,4,0,1,0,3,4,0,14,4,1,20,4,13,12,0,1,0,1,0.5,0.3333333432674408,0,14,23.79310417175293,-9.79310417175293,21,26.89655113220215,-5.896551132202148,3,22.758621215820313,-19.758621215820313,0,0,2
27,6,1,0,2,1,0,0,2,1,0,3,1,0,1,1,40,12,0,0,1,1,0,0.1666666716337204,0,3,23.79310417175293,-20.79310417175293,1,26.89655113220215,-25.89655113220215,2,22.758621215820313,-20.758621215820313,0,0,2
25,6,1,1,2,1,1,1,26,5,1,26,4,1,26,4,80,12,0,1,1,1,0.9666666388511658,0.9666666388511658,0,27,23.79310417175293,3.2068958282470703,27,26.89655113220215,0.10344886779785156,27,22.758621215820313,4.2413787841796875,1,1,2
30,6,1,1,2,1,1,1,26,5,1,25,4,1,24,1,36,12,0,1,1,1,0.9666666388511658,0.9666666388511658,0,26,23.79310417175293,2.2068958282470703,25,26.89655113220215,-1.8965511322021484,27,22.758621215820313,4.2413787841796875,1,1,3
35,7,1,1,3,1,1,1,26,5,1,28,4,1,27,5,95,12,0,1,1,1,0,0.1666666716337204,0,29,23.79310417175293,5.20689582824707,28,26.89655113220215,1.1034488677978516,27,22.758621215820313,4.2413787841796875,1,1,3
28,5,1,0,1,1,0,0,19,3,1,10,3,1,16,3,70,12,0,1,0,1,0.1666666716337204,0.1666666716337204,0,11,23.79310417175293,-12.79310417175293,17,26.89655113220215,-9.896551132202148,19,22.758621215820313,-3.7586212158203125,0,0,2
23,6,1,1,1,1,1,1,18,3,1,29,5,1,29,5,100,12,0,0,1,1,0,0,0,30,23.79310417175293,6.20689582824707,30,26.89655113220215,3.1034488677978516,19,22.758621215820313,-3.7586212158203125,1,0,1
28,6,1,1,2,1,1,1,13,3,1,10,2,1,6,2,38,12,1,0,1,1,0.3333333432674408,0.1666666716337204,0,11,23.79310417175293,-12.79310417175293,7,26.89655113220215,-19.89655113220215,14,22.758621215820313,-8.7586212158203125,0,0,2
30,7,1,1,3,1,0,1,29,3,1,29,5,1,18,4,78,12,0,1,1,1,0.8333333134651184,0.3333333432674408,0,30,23.79310417175293,6.20689582824707,19,26.89655113220215,-7.896551132202148,30,22.758621215820313,7.2413787841796875,1,1,3
25,6,1,1,2,1,1,1,29,5,1,25,5,1,29,5,100,12,0,1,1,1,0.3333333432674408,0.3333333432674408,0,26,23.79310417175293,2.2068958282470703,30,26.89655113220215,3.1034488677978516,30,22.758621215820313,7.2413787841796875,1,1,2
25,5,1,1,4,1,1,1,29,5,1,29,5,1,29,5,52,12,0,0,0,1,0.1666666716337204,0.5,0,30,23.79310417175293,6.20689582824707,30,26.89655113220215,3.1034488677978516,30,22.758621215820313,7.2413787841796875,1,0,2
25,6,1,1,0,1,1,1,5,2,1,11,2,1,4,1,8,12,1,1,1,1,0.3333333432674408,0.1666666716337204,0,12,23.79310417175293,-11.79310417175293,5,26.89655113220215,-21.89655113220215,6,22.758621215820313,-16.758621215820313,0,0,2
27,5,1,0,2,1,0,0,10,2,0,7,3,1,5,2,50,12,0,0,0,1,0.1666666716337204,0,0,7,23.79310417175293,-16.79310417175293,6,26.89655113220215,-20.89655113220215,10,22.758621215820313,-12.758621215820313,0,0,2
20,6,1,1,2,1,1,1,29,5,1,29,5,1,29,5,100,12,0,0,1,1,0.1666666716337204,0.9666666388511658,0,30,23.79310417175293,6.20689582824707,30,26.89655113220215,3.1034488677978516,30,22.758621215820313,7.2413787841796875,1,0,1
25,6,1,1,0,1,1,1,4,2,1,10,4,1,29,5,46,12,1,0,1,1,0.1666666716337204,0,0,11,23.79310417175293,-12.79310417175293,30,26.89655113220215,3.1034488677978516,5,22.758621215820313,-17.758621215820313,0,0,2
29,6,1,1,4,1,1,1,15,3,0,9,2,1,7,3,59,12,0,0,1,1,0.1666666716337204,0.9666666388511658,0,9,23.79310417175293,-14.79310417175293,8,26.89655113220215,-18.89655113220215,16,22.758621215820313,-6.7586212158203125,0,0,2
26,6,1,1,2,1,1,1,25,4,1,25,5,1,25,5,75,12,0,1,1,1,0.9666666388511658,0.3333333432674408,0,26,23.79310417175293,2.2068958282470703,26,26.89655113220215,-0.8965511322021484,26,22.758621215820313,3.2413787841796875,1,1,2
27,6,0,0,0,1,1,1,29,5,1,19,5,1,25,3,9,13,0,0,1,1,0.5,0.1666666716337204,1,20,25.71428680419922,-5.714286804199219,26,28.928571701049805,-2.9285717010498047,30,23.571428298950195,6.428571701049805,0,0,2
25,6,1,1,1,1,1,1,29,5,1,29,5,1,29,5,63,13,1,1,1,1,0.9666666388511658,0.3333333432674408,0,30,25.71428680419922,4.285713195800781,30,28.928571701049805,1.0714282989501953,30,23.571428298950195,6.428571701049805,1,1,2
23,6,1,1,0,1,1,1,29,5,1,29,5,1,29,5,100,13,0,0,1,1,0.6666666865348816,0,0,30,25.71428680419922,4.285713195800781,30,28.928571701049805,1.0714282989501953,30,23.571428298950195,6.428571701049805,1,0,1
27,6,1,1,2,1,1,1,10,3,1,15,3,1,9,2,29,13,0,0,1,1,0,0,0,16,25.71428680419922,-9.714286804199219,10,28.928571701049805,-18.928571701049805,11,23.571428298950195,-12.571428298950195,0,0,2
22,6,1,1,2,1,1,1,29,5,1,29,5,1,20,3,73,13,0,1,1,1,0.1666666716337204,0.9666666388511658,0,30,25.71428680419922,4.285713195800781,21,28.928571701049805,-7.928571701049805,30,23.571428298950195,6.428571701049805,1,1,1
21,5,1,0,1,1,0,0,0,2,0,2,4,1,23,3,0,13,1,1,0,1,0.8333333134651184,0.1666666716337204,0,2,25.71428680419922,-23.71428680419922,24,28.928571701049805,-4.928571701049805,0,23.571428298950195,-23.571428298950195,0,0,1
20,5,1,1,1,1,1,1,0,5,1,29,5,1,29,5,44,13,0,0,0,1,0.3333333432674408,0.1666666716337204,0,30,25.71428680419922,4.285713195800781,30,28.928571701049805,1.0714282989501953,1,23.571428298950195,-22.571428298950195,1,0,1
26,5,1,1,1,1,1,1,5,2,1,9,2,1,9,2,98,13,0,0,0,1,0.1666666716337204,0.9666666388511658,0,10,25.71428680419922,-15.714286804199219,10,28.928571701049805,-18.928571701049805,6,23.571428298950195,-17.571428298950195,0,0,2
27,6,1,0,1,1,1,1,26,5,1,20,4,1,29,3,40,13,1,0,1,1,0,0.1666666716337204,0,21,25.71428680419922,-4.714286804199219,30,28.928571701049805,1.0714282989501953,27,23.571428298950195,3.4285717010498047,0,0,2
21,6,1,1,4,1,1,1,15,4,1,13,3,1,11,3,45,13,0,1,1,1,0,0.1666666716337204,0,14,25.71428680419922,-11.714286804199219,12,28.928571701049805,-16.928571701049805,16,23.571428298950195,-7.571428298950195,0,0,1
22,5,0,0,1,1,1,1,10,2,1,13,3,1,20,3,38,13,1,0,0,1,0.3333333432674408,0.1666666716337204,0,14,25.71428680419922,-11.714286804199219,21,28.928571701049805,-7.928571701049805,11,23.571428298950195,-12.571428298950195,0,0,1
32,6,1,0,4,1,1,1,13,2,1,7,3,1,10,2,51,13,0,1,1,1,0,0,0,8,25.71428680419922,-17.71428680419922,11,28.928571701049805,-17.928571701049805,14,23.571428298950195,-9.571428298950195,0,0,3
23,6,1,1,0,1,1,0,10,2,1,11,2,1,10,3,49,13,0,0,1,1,0,0,0,12,25.71428680419922,-13.714286804199219,11,28.928571701049805,-17.928571701049805,10,23.571428298950195,-13.571428298950195,0,0,1
20,6,1,1,1,1,1,1,10,4,1,14,3,1,14,3,83,13,0,1,1,1,0.1666666716337204,0.9666666388511658,0,15,25.71428680419922,-10.714286804199219,15,28.928571701049805,-13.928571701049805,11,23.571428298950195,-12.571428298950195,0,0,1
23,6,1,1,0,1,1,0,15,4,1,14,4,1,11,3,64,13,0,1,1,1,0.8333333134651184,0.8333333134651184,0,15,25.71428680419922,-10.714286804199219,12,28.928571701049805,-16.928571701049805,15,23.571428298950195,-8.571428298950195,0,0,1
22,5,0,0,2,1,1,1,6,3,0,2,2,1,9,5,30,13,0,1,0,1,0.1666666716337204,0.3333333432674408,0,2,25.71428680419922,-23.71428680419922,10,28.928571701049805,-18.928571701049805,7,23.571428298950195,-16.571428298950195,0,0,1
22,5,1,1,2,1,1,1,10,5,1,10,5,1,10,5,51,13,1,1,0,1,0.1666666716337204,0.9666666388511658,0,11,25.71428680419922,-14.714286804199219,11,28.928571701049805,-17.928571701049805,11,23.571428298950195,-12.571428298950195,0,0,1
20,5,0,0,0,1,0,0,16,3,0,25,5,1,20,2,35,13,0,0,0,1,0,0.3333333432674408,0,25,25.71428680419922,-0.71428680419921875,21,28.928571701049805,-7.928571701049805,16,23.571428298950195,-7.571428298950195,0,0,1
20,6,1,0,3,1,1,1,26,4,1,20,2,1,6,2,58,13,1,1,1,1,0.1666666716337204,0,0,21,25.71428680419922,-4.714286804199219,7,28.928571701049805,-21.928571701049805,27,23.571428298950195,3.4285717010498047,0,0,1
33,7,1,1,4,1,1,1,0,5,1,3,2,1,29,5,18,13,1,0,1,1,0,0.1666666716337204,0,4,25.71428680419922,-21.71428680419922,30,28.928571701049805,1.0714282989501953,1,23.571428298950195,-22.571428298950195,0,0,3
22,5,1,1,3,1,1,1,10,3,1,27,4,1,2,1,18,13,1,1,0,1,0.3333333432674408,0.1666666716337204,0,28,25.71428680419922,2.2857131958007813,3,28.928571701049805,-25.928571701049805,11,23.571428298950195,-12.571428298950195,1,1,1
23,5,1,1,1,0,0,1,20,3,1,20,3,1,20,3,70,13,1,0,0,1,0.5,0.1666666716337204,0,21,25.71428680419922,-4.714286804199219,21,28.928571701049805,-7.928571701049805,21,23.571428298950195,-2.5714282989501953,0,0,1
24,6,1,1,2,1,1,1,17,3,1,18,3,1,18,3,80,13,0,0,1,1,0.1666666716337204,0.1666666716337204,0,19,25.71428680419922,-6.714286804199219,19,28.928571701049805,-9.928571701049805,18,23.571428298950195,-5.571428298950195,0,0,2
33,7,1,1,6,1,1,0,25,3,1,14,3,1,20,3,50,13,0,1,1,1,0.9666666388511658,0.1666666716337204,0,15,25.71428680419922,-10.714286804199219,21,28.928571701049805,-7.928571701049805,25,23.571428298950195,1.4285717010498047,0,0,3
27,6,1,1,1,1,1,1,4,3,1,9,2,1,22,1,46,13,0,1,1,1,0.1666666716337204,0.1666666716337204,0,10,25.71428680419922,-15.714286804199219,23,28.928571701049805,-5.928571701049805,5,23.571428298950195,-18.571428298950195,0,0,2
21,6,1,1,4,1,1,1,12,3,1,20,3,1,14,2,42,13,1,1,1,1,0.1666666716337204,0.1666666716337204,0,21,25.71428680419922,-4.714286804199219,15,28.928571701049805,-13.928571701049805,13,23.571428298950195,-10.571428298950195,0,0,1
20,6,0,1,3,1,0,0,3,2,1,3,2,1,5,2,100,13,0,1,1,1,0.1666666716337204,0.1666666716337204,0,4,25.71428680419922,-21.71428680419922,6,28.928571701049805,-22.928571701049805,3,23.571428298950195,-20.571428298950195,0,0,1
21,6,0,0,3,1,0,1,5,1,0,29,5,0,3,2,50,13,0,1,1,1,0,0,0,29,25.71428680419922,3.2857131958007813,3,28.928571701049805,-25.928571701049805,6,23.571428298950195,-17.571428298950195,1,1,1
33,7,1,0,3,0,1,1,25,3,1,29,5,1,29,5,40,14,1,0,1,1,0.1666666716337204,0.9666666388511658,1,30,26,4,30,27,3,26,15,11,1,0,3
26,6,1,1,1,1,1,0,13,2,1,22,4,1,23,4,50,14,0,0,1,1,0.9666666388511658,0.1666666716337204,0,23,26,-3,24,27,-3,13,15,-2,0,0,2
31,7,1,0,2,1,1,1,29,5,1,29,5,1,29,5,100,14,0,1,1,1,0.9666666388511658,0.9666666388511658,0,30,26,4,30,27,3,30,15,15,1,1,3
35,6,0,0,3,1,1,0,10,3,1,20,2,1,21,2,27,14,0,1,1,1,0.9666666388511658,0,0,21,26,-5,22,27,-5,10,15,-5,0,0,3
29,6,1,1,1,1,1,0,20,3,1,8,3,0,13,3,60,14,0,0,1,1,0.9666666388511658,0.1666666716337204,0,9,26,-17,13,27,-14,20,15,5,0,0,2
23,6,1,0,2,1,1,1,18,2,1,11,2,1,12,2,20,14,0,0,1,1,0,0.9666666388511658,0,12,26,-14,13,27,-14,19,15,4,0,0,1
23,6,1,1,3,1,1,1,29,5,1,29,5,1,29,5,100,14,1,0,1,1,0.9666666388511658,0.3333333432674408,0,30,26,4,30,27,3,30,15,15,1,0,1
22,6,1,0,0,1,1,0,29,3,0,14,4,1,14,2,50,14,0,1,1,1,0.9666666388511658,0.1666666716337204,0,14,26,-12,15,27,-12,29,15,14,0,0,1
26,6,1,0,3,1,1,1,3,2,1,3,2,1,3,2,100,14,1,1,1,1,0.1666666716337204,0.9666666388511658,0,4,26,-22,4,27,-23,4,15,-11,0,0,2
28,6,1,1,1,1,1,0,29,5,1,25,4,1,29,5,70,14,0,0,1,1,0,0,0,26,26,0,30,27,3,29,15,14,0,0,2
33,7,1,0,2,1,1,0,13,4,1,10,4,1,12,5,34,14,1,1,1,1,0.9666666388511658,0.9666666388511658,0,11,26,-15,13,27,-14,13,15,-2,0,0,3
21,5,0,0,4,1,1,1,29,3,1,18,3,1,16,2,34,14,1,1,0,1,0.8333333134651184,0.9666666388511658,0,19,26,-7,17,27,-10,30,15,15,0,0,1
23,6,1,1,1,1,1,1,17,3,1,10,2,1,15,2,70,14,1,0,1,1,0.9666666388511658,0.9666666388511658,0,11,26,-15,16,27,-11,18,15,3,0,0,1
23,6,1,1,2,1,1,1,29,2,1,5,2,1,14,2,24,14,0,1,1,1,0.9666666388511658,0.3333333432674408,0,6,26,-20,15,27,-12,30,15,15,0,0,1
23,6,1,0,0,1,1,0,11,5,1,26,4,1,21,3,57,14,1,1,1,1,0.9666666388511658,0.9666666388511658,0,27,26,1,22,27,-5,11,15,-4,1,1,1
27,6,0,0,0,1,1,0,6,3,1,25,5,1,29,5,98,14,1,1,1,1,0.9666666388511658,0,0,26,26,0,30,27,3,6,15,-9,0,0,2
19,6,0,1,0,1,1,1,5,3,1,13,3,1,18,3,33,14,0,1,1,1,0.1666666716337204,0.9666666388511658,0,14,26,-12,19,27,-8,6,15,-9,0,0,1
35,7,1,0,4,1,1,1,7,2,1,2,2,1,3,2,20,14,1,1,1,1,0.5,0.3333333432674408,0,3,26,-23,4,27,-23,8,15,-7,0,0,3
35,7,1,1,3,1,1,0,27,5,0,5,4,1,29,5,100,14,1,1,1,1,0.8333333134651184,0.3333333432674408,0,5,26,-21,30,27,3,27,15,12,0,0,3
27,6,1,0,1,1,1,1,27,3,0,29,5,0,29,5,43,14,0,1,1,1,0.1666666716337204,0.1666666716337204,0,29,26,3,29,27,2,28,15,13,1,1,2
29,6,1,1,3,1,0,0,13,4,1,14,3,0,21,3,22,14,1,0,1,1,0.1666666716337204,0,0,15,26,-11,21,27,-6,13,15,-2,0,0,2
30,7,1,1,4,1,1,0,15,3,1,15,3,1,15,3,50,14,1,0,1,1,0.9666666388511658,0.3333333432674408,0,16,26,-10,16,27,-11,15,15,0,0,0,3
30,7,1,1,3,1,1,1,29,5,1,6,2,1,27,5,33,14,1,1,1,1,0.9666666388511658,0.9666666388511658,0,7,26,-19,28,27,1,30,15,15,0,0,3
25,6,1,1,1,1,1,0,28,4,1,28,3,1,27,3,63,14,0,1,1,1,0.9666666388511658,0.1666666716337204,0,29,26,3,28,27,1,28,15,13,1,1,2
35,7,1,1,1,0,1,0,15,3,1,13,4,1,17,4,100,14,0,1,1,1,0.9666666388511658,0.9666666388511658,0,14,26,-12,18,27,-9,15,15,0,0,0,3
28,7,1,0,0,0,1,0,10,3,1,10,4,1,16,4,52,14,0,0,1,1,0.9666666388511658,0.5,0,11,26,-15,17,27,-10,10,15,-5,0,0,2
30,5,0,1,11,1,1,0,10,3,0,13,2,1,11,3,23,14,0,1,0,1,0.9666666388511658,0.5,0,13,26,-13,12,27,-15,10,15,-5,0,0,3
29,3,1,1,3,1,1,1,8,2,1,7,2,1,5,4,52,15,0,1,0,1,0.5,0.1666666716337204,1,8,23.79310417175293,-15.79310417175293,6,27.9310359954834,-21.9310359954834,9,21.724136352539063,-12.724136352539063,0,0,2
27,7,1,1,2,1,0,1,19,4,1,15,3,1,4,3,48,15,0,0,1,1,0,0,0,16,23.79310417175293,-7.79310417175293,5,27.9310359954834,-22.9310359954834,20,21.724136352539063,-1.7241363525390625,0,0,2
33,5,1,1,2,1,1,1,6,2,1,5,2,1,8,2,8,15,0,0,0,1,0.1666666716337204,0.9666666388511658,0,6,23.79310417175293,-17.79310417175293,9,27.9310359954834,-18.9310359954834,7,21.724136352539063,-14.724136352539063,0,0,3
22,8,0,1,3,1,1,0,10,4,1,7,2,1,9,3,98,15,0,0,1,1,0.6666666865348816,0.9666666388511658,0,8,23.79310417175293,-15.79310417175293,10,27.9310359954834,-17.9310359954834,10,21.724136352539063,-11.724136352539063,0,0,1
23,6,1,0,4,1,1,1,15,5,0,17,4,1,24,5,66,15,1,0,1,1,0.3333333432674408,0.3333333432674408,0,17,23.79310417175293,-6.79310417175293,25,27.9310359954834,-2.9310359954833984,16,21.724136352539063,-5.7241363525390625,0,0,1
32,6,1,1,3,1,1,1,16,2,1,11,2,1,9,2,21,15,0,1,1,1,0.8333333134651184,0.1666666716337204,0,12,23.79310417175293,-11.79310417175293,10,27.9310359954834,-17.9310359954834,17,21.724136352539063,-4.7241363525390625,0,0,3
32,6,1,0,2,1,1,1,10,3,1,12,2,1,10,2,53,15,0,0,1,1,0.1666666716337204,0.9666666388511658,0,13,23.79310417175293,-10.79310417175293,11,27.9310359954834,-16.9310359954834,11,21.724136352539063,-10.724136352539063,0,0,3
33,7,1,0,2,0,0,0,5,5,1,15,3,1,18,2,51,15,0,1,1,1,0.5,0.1666666716337204,0,16,23.79310417175293,-7.79310417175293,19,27.9310359954834,-8.931035995483398,5,21.724136352539063,-16.724136352539063,0,0,3
27,6,1,1,2,1,1,0,23,4,1,26,4,1,26,4,95,15,1,0,1,1,0.1666666716337204,0,0,27,23.79310417175293,3.2068958282470703,27,27.9310359954834,-0.9310359954833984,23,21.724136352539063,1.2758636474609375,1,0,2
32,5,1,0,3,1,1,0,19,4,1,11,4,1,13,4,41,15,0,1,0,1,0.8333333134651184,0,0,12,23.79310417175293,-11.79310417175293,14,27.9310359954834,-13.931035995483398,19,21.724136352539063,-2.7241363525390625,0,0,3
25,6,1,1,1,1,0,0,9,5,1,11,4,1,14,2,59,15,1,1,1,1,0.3333333432674408,0.6666666865348816,0,12,23.79310417175293,-11.79310417175293,15,27.9310359954834,-12.931035995483398,9,21.724136352539063,-12.724136352539063,0,0,2
20,6,1,0,2,0,1,1,6,3,1,12,3,1,14,3,56,15,1,1,1,1,0.8333333134651184,0.6666666865348816,0,13,23.79310417175293,-10.79310417175293,15,27.9310359954834,-12.931035995483398,7,21.724136352539063,-14.724136352539063,0,0,1
27,3,1,0,1,1,1,1,24,1,1,14,1,1,27,4,60,15,0,0,0,1,0.3333333432674408,0.1666666716337204,0,15,23.79310417175293,-8.79310417175293,28,27.9310359954834,0.06896400451660156,25,21.724136352539063,3.2758636474609375,0,0,2
21,6,1,0,0,1,1,1,24,5,0,24,5,1,24,5,96,15,0,1,1,1,0.8333333134651184,0.8333333134651184,0,24,23.79310417175293,0.2068958282470703,25,27.9310359954834,-2.9310359954833984,25,21.724136352539063,3.2758636474609375,1,1,1
24,6,1,1,1,1,0,0,11,2,1,9,2,0,29,2,71,15,0,1,1,1,0.3333333432674408,0,0,10,23.79310417175293,-13.79310417175293,29,27.9310359954834,1.0689640045166016,11,21.724136352539063,-10.724136352539063,0,0,2
23,8,1,1,2,1,1,0,12,5,0,0,2,1,22,3,18,15,0,0,1,1,0.5,0.5,0,0,23.79310417175293,-23.79310417175293,23,27.9310359954834,-4.931035995483398,12,21.724136352539063,-9.7241363525390625,0,0,1
23,5,1,1,2,1,1,1,16,4,1,29,5,1,27,4,100,15,0,1,0,1,0.1666666716337204,0.9666666388511658,0,30,23.79310417175293,6.20689582824707,28,27.9310359954834,0.06896400451660156,17,21.724136352539063,-4.7241363525390625,1,1,1
27,7,1,1,2,1,0,1,22,3,1,22,3,1,22,3,23,15,0,0,1,1,0,0,0,23,23.79310417175293,-0.7931041717529297,23,27.9310359954834,-4.931035995483398,23,21.724136352539063,1.2758636474609375,0,0,2
21,3,1,1,4,1,1,1,6,5,1,5,5,1,3,5,14,15,1,0,0,1,0.8333333134651184,0.5,0,6,23.79310417175293,-17.79310417175293,4,27.9310359954834,-23.9310359954834,7,21.724136352539063,-14.724136352539063,0,0,1
27,7,1,0,1,1,1,1,5,2,0,4,2,1,13,3,65,15,0,0,1,1,0.3333333432674408,0.1666666716337204,0,4,23.79310417175293,-19.79310417175293,14,27.9310359954834,-13.931035995483398,6,21.724136352539063,-15.724136352539063,0,0,2
31,7,1,1,5,1,1,1,19,3,1,29,2,1,20,3,60,15,0,1,1,1,0.5,0.6666666865348816,0,30,23.79310417175293,6.20689582824707,21,27.9310359954834,-6.931035995483398,20,21.724136352539063,-1.7241363525390625,1,1,3
31,9,1,1,1,1,1,1,8,3,1,12,3,1,12,4,54,15,0,0,1,1,0.3333333432674408,0.9666666388511658,0,13,23.79310417175293,-10.79310417175293,13,27.9310359954834,-14.931035995483398,9,21.724136352539063,-12.724136352539063,0,0,3
35,6,1,1,5,1,1,1,23,3,1,19,3,1,29,4,51,15,1,1,1,1,0,0.8333333134651184,0,20,23.79310417175293,-3.7931041717529297,30,27.9310359954834,2.0689640045166016,24,21.724136352539063,2.2758636474609375,0,0,3
26,6,1,0,1,1,1,1,10,5,1,15,2,1,7,3,25,15,1,1,1,1,0.3333333432674408,0.1666666716337204,0,16,23.79310417175293,-7.79310417175293,8,27.9310359954834,-19.9310359954834,11,21.724136352539063,-10.724136352539063,0,0,2
28,6,1,1,4,1,1,1,23,5,1,24,5,1,24,5,63,15,1,1,1,1,0.8333333134651184,0.1666666716337204,0,25,23.79310417175293,1.2068958282470703,25,27.9310359954834,-2.9310359954833984,24,21.724136352539063,2.2758636474609375,1,1,2
25,5,1,0,1,1,1,1,10,3,0,10,2,1,19,5,30,15,1,1,0,1,0.1666666716337204,0.9666666388511658,0,10,23.79310417175293,-13.79310417175293,20,27.9310359954834,-7.931035995483398,11,21.724136352539063,-10.724136352539063,0,0,2
20,3,1,0,1,0,1,1,29,4,0,29,5,1,29,5,50,15,1,1,0,1,0.6666666865348816,0.1666666716337204,0,29,23.79310417175293,5.20689582824707,30,27.9310359954834,2.0689640045166016,30,21.724136352539063,8.2758636474609375,1,1,1
21,3,0,1,0,1,1,1,29,3,1,29,5,1,14,3,75,15,1,0,0,1,0.1666666716337204,0.8333333134651184,0,30,23.79310417175293,6.20689582824707,15,27.9310359954834,-12.931035995483398,30,21.724136352539063,8.2758636474609375,1,0,1
34,7,0,1,0,0,1,1,11,5,1,29,5,0,12,5,88,16,0,0,1,1,0,0,1,30,21.11111068725586,8.88888931274414,12,24.44444465637207,-12.44444465637207,12,14.44444465637207,-2.4444446563720703,1,0,3
22,5,1,1,2,1,1,1,29,5,1,29,5,1,29,5,77,16,0,1,0,1,0.1666666716337204,0.1666666716337204,0,30,21.11111068725586,8.88888931274414,30,24.44444465637207,5.55555534362793,30,14.44444465637207,15.55555534362793,1,1,1
33,6,1,0,3,1,1,1,20,4,1,20,3,1,27,5,47,16,0,1,1,1,0.9666666388511658,0.9666666388511658,0,21,21.11111068725586,-0.11111068725585938,28,24.44444465637207,3.5555553436279297,21,14.44444465637207,6.55555534362793,0,0,3
28,6,1,0,4,1,1,0,6,3,1,23,4,1,29,3,91,16,0,1,1,1,0.9666666388511658,0.9666666388511658,0,24,21.11111068725586,2.8888893127441406,30,24.44444465637207,5.55555534362793,6,14.44444465637207,-8.44444465637207,1,1,2
31,5,1,1,2,1,1,0,5,2,1,5,2,1,12,3,46,16,0,1,0,1,0,0,0,6,21.11111068725586,-15.11111068725586,13,24.44444465637207,-11.44444465637207,5,14.44444465637207,-9.44444465637207,0,0,3
30,7,1,1,2,1,1,1,7,2,0,6,2,1,6,2,14,16,0,0,1,1,0.1666666716337204,0.1666666716337204,0,6,21.11111068725586,-15.11111068725586,7,24.44444465637207,-17.44444465637207,8,14.44444465637207,-6.44444465637207,0,0,3
28,6,1,0,2,1,1,1,10,2,0,6,2,0,6,1,100,16,0,1,1,1,0,0.9666666388511658,0,6,21.11111068725586,-15.11111068725586,6,24.44444465637207,-18.44444465637207,11,14.44444465637207,-3.4444446563720703,0,0,2
35,7,1,0,2,0,1,0,0,5,0,10,4,1,10,4,31,16,0,1,1,1,0,0,0,10,21.11111068725586,-11.11111068725586,11,24.44444465637207,-13.44444465637207,0,14.44444465637207,-14.44444465637207,0,0,3
33,7,1,0,11,1,1,0,6,2,1,7,3,1,6,4,23,16,0,0,1,1,0.9666666388511658,0.9666666388511658,0,8,21.11111068725586,-13.11111068725586,7,24.44444465637207,-17.44444465637207,6,14.44444465637207,-8.44444465637207,0,0,3
30,7,1,0,1,1,1,1,23,5,1,29,5,1,21,5,100,16,0,0,1,1,0.3333333432674408,0.3333333432674408,0,30,21.11111068725586,8.88888931274414,22,24.44444465637207,-2.4444446563720703,24,14.44444465637207,9.55555534362793,1,0,3
25,6,1,1,2,1,1,1,23,4,1,29,5,1,24,4,80,16,0,1,1,1,0.9666666388511658,0.9666666388511658,0,30,21.11111068725586,8.88888931274414,25,24.44444465637207,0.5555553436279297,24,14.44444465637207,9.55555534362793,1,1,2
27,6,1,1,3,1,1,0,10,3,0,10,3,1,10,3,88,16,0,1,1,1,0,0.9666666388511658,0,10,21.11111068725586,-11.11111068725586,11,24.44444465637207,-13.44444465637207,10,14.44444465637207,-4.44444465637207,0,0,2
34,7,0,0,2,1,1,0,16,4,1,23,5,1,12,5,88,16,0,0,1,1,0,0,0,24,21.11111068725586,2.8888893127441406,13,24.44444465637207,-11.44444465637207,16,14.44444465637207,1.5555553436279297,1,0,3
21,5,1,1,2,1,0,1,10,2,1,21,3,0,10,2,37,16,0,1,0,1,0.1666666716337204,0,0,22,21.11111068725586,0.8888893127441406,10,24.44444465637207,-14.44444465637207,11,14.44444465637207,-3.4444446563720703,1,1,1
34,6,0,0,3,1,0,0,16,4,1,15,3,1,17,3,47,16,0,0,1,1,0.1666666716337204,0.3333333432674408,0,16,21.11111068725586,-5.111110687255859,18,24.44444465637207,-6.44444465637207,16,14.44444465637207,1.5555553436279297,0,0,3
30,7,1,1,2,1,1,1,7,2,1,3,2,1,16,4,50,16,0,1,1,1,0.1666666716337204,0.1666666716337204,0,4,21.11111068725586,-17.11111068725586,17,24.44444465637207,-7.44444465637207,8,14.44444465637207,-6.44444465637207,0,0,3
20,5,1,1,0,1,0,0,10,5,0,0,5,1,15,5,56,16,0,1,0,1,0.1666666716337204,0.9666666388511658,0,0,21.11111068725586,-21.11111068725586,16,24.44444465637207,-8.44444465637207,10,14.44444465637207,-4.44444465637207,0,0,1
22,4,1,1,1,1,1,0,17,4,0,12,2,1,29,3,41,16,0,0,0,1,0.9666666388511658,0.8333333134651184,0,12,21.11111068725586,-9.11111068725586,30,24.44444465637207,5.55555534362793,17,14.44444465637207,2.5555553436279297,0,0,1
30,6,1,1,1,1,1,0,1,1,1,4,2,1,3,1,19,16,0,0,1,1,0.1666666716337204,0.1666666716337204,0,5,21.11111068725586,-16.11111068725586,4,24.44444465637207,-20.44444465637207,1,14.44444465637207,-13.44444465637207,0,0,3
23,6,1,1,2,1,0,1,24,3,1,29,4,1,29,5,100,16,0,1,1,1,0.5,0.1666666716337204,0,30,21.11111068725586,8.88888931274414,30,24.44444465637207,5.55555534362793,25,14.44444465637207,10.55555534362793,1,1,1
30,7,1,0,2,1,1,0,6,4,1,13,3,1,28,5,84,16,0,0,1,1,0.8333333134651184,0.5,0,14,21.11111068725586,-7.111110687255859,29,24.44444465637207,4.55555534362793,6,14.44444465637207,-8.44444465637207,0,0,3
21,6,1,1,2,1,1,0,1,1,1,14,2,1,6,2,17,16,1,0,1,1,0.9666666388511658,0.1666666716337204,0,15,21.11111068725586,-6.111110687255859,7,24.44444465637207,-17.44444465637207,1,14.44444465637207,-13.44444465637207,0,0,1
28,3,1,1,5,1,1,1,11,2,1,13,2,1,9,2,23,16,0,0,0,1,0.3333333432674408,0.3333333432674408,0,14,21.11111068725586,-7.111110687255859,10,24.44444465637207,-14.44444465637207,12,14.44444465637207,-2.4444446563720703,0,0,2
31,6,1,1,3,1,1,0,6,3,0,20,3,1,18,4,70,16,0,0,1,1,0.9666666388511658,0,0,20,21.11111068725586,-1.1111106872558594,19,24.44444465637207,-5.44444465637207,6,14.44444465637207,-8.44444465637207,0,0,3
21,3,1,1,0,1,1,1,15,3,1,15,3,0,8,3,50,16,1,1,0,1,0.9666666388511658,0.9666666388511658,0,16,21.11111068725586,-5.111110687255859,8,24.44444465637207,-16.44444465637207,16,14.44444465637207,1.5555553436279297,0,0,1
32,7,1,0,2,0,0,1,20,4,0,23,5,1,29,5,60,17,0,1,1,1,0.8333333134651184,0.1666666716337204,1,23,22.5,0.5,30,24.642858505249023,5.357141494750977,21,21.428571701049805,-0.4285717010498047,1,1,3
26,6,1,1,1,1,1,1,26,3,1,18,3,1,16,5,26,17,0,0,1,1,0.9666666388511658,0.9666666388511658,0,19,22.5,-3.5,17,24.642858505249023,-7.642858505249023,27,21.428571701049805,5.571428298950195,0,0,2
33,7,1,0,3,0,1,1,25,4,0,18,3,1,29,5,79,17,0,1,1,1,0.6666666865348816,0.1666666716337204,0,18,22.5,-4.5,30,24.642858505249023,5.357141494750977,26,21.428571701049805,4.571428298950195,0,0,3
25,6,1,1,1,1,1,1,29,5,1,29,5,1,29,5,70,17,0,0,1,1,0.9666666388511658,0.1666666716337204,0,30,22.5,7.5,30,24.642858505249023,5.357141494750977,30,21.428571701049805,8.571428298950195,1,0,2
31,7,0,0,2,1,1,0,4,2,1,12,3,1,13,3,33,17,0,1,1,1,0.1666666716337204,0,0,13,22.5,-9.5,14,24.642858505249023,-10.642858505249023,4,21.428571701049805,-17.428571701049805,0,0,3
27,6,1,1,11,1,0,1,1,1,1,1,1,1,1,1,1,17,0,1,1,1,0.9666666388511658,0.1666666716337204,0,2,22.5,-20.5,2,24.642858505249023,-22.642858505249023,2,21.428571701049805,-19.428571701049805,0,0,2
26,6,1,0,2,1,1,1,23,3,1,7,3,1,16,3,59,17,0,1,1,1,0.3333333432674408,0.9666666388511658,0,8,22.5,-14.5,17,24.642858505249023,-7.642858505249023,24,21.428571701049805,2.5714282989501953,0,0,2
25,6,1,0,1,1,1,0,29,3,1,29,3,1,29,3,30,17,0,1,1,1,0,0,0,30,22.5,7.5,30,24.642858505249023,5.357141494750977,29,21.428571701049805,7.571428298950195,1,1,2
26,6,1,1,3,0,1,0,29,5,1,29,5,1,29,5,100,17,0,1,1,1,0.8333333134651184,0.9666666388511658,0,30,22.5,7.5,30,24.642858505249023,5.357141494750977,29,21.428571701049805,7.571428298950195,1,1,2
27,7,1,1,3,1,1,1,10,3,1,9,3,1,9,3,35,17,0,0,1,1,0,0,0,10,22.5,-12.5,10,24.642858505249023,-14.642858505249023,11,21.428571701049805,-10.428571701049805,0,0,2
21,6,1,1,3,1,1,0,10,3,1,4,2,0,6,3,26,17,0,1,1,1,0.3333333432674408,0.3333333432674408,0,5,22.5,-17.5,6,24.642858505249023,-18.642858505249023,10,21.428571701049805,-11.428571701049805,0,0,1
25,6,1,0,0,1,1,1,20,3,1,15,3,1,18,3,45,17,0,0,1,1,0,0,0,16,22.5,-6.5,19,24.642858505249023,-5.642858505249023,21,21.428571701049805,-0.4285717010498047,0,0,2
26,6,1,1,0,1,1,0,10,5,1,23,4,1,21,5,62,17,0,1,1,1,0.1666666716337204,0,0,24,22.5,1.5,22,24.642858505249023,-2.6428585052490234,10,21.428571701049805,-11.428571701049805,1,1,2
27,6,1,0,2,1,1,1,22,5,1,22,5,1,25,5,50,17,1,0,1,1,0.3333333432674408,0.9666666388511658,0,23,22.5,0.5,26,24.642858505249023,1.3571414947509766,23,21.428571701049805,1.5714282989501953,1,0,2
30,7,1,0,0,1,0,0,20,3,1,10,3,1,15,3,30,17,0,0,1,1,0.1666666716337204,0.1666666716337204,0,11,22.5,-11.5,16,24.642858505249023,-8.642858505249023,20,21.428571701049805,-1.4285717010498047,0,0,3
25,6,1,1,2,1,1,1,23,5,1,25,4,1,29,5,85,17,0,1,1,1,0.8333333134651184,0.1666666716337204,0,26,22.5,3.5,30,24.642858505249023,5.357141494750977,24,21.428571701049805,2.5714282989501953,1,1,2
30,7,1,1,3,0,1,1,11,3,1,13,3,1,12,3,41,17,1,1,1,1,0,0,0,14,22.5,-8.5,13,24.642858505249023,-11.642858505249023,12,21.428571701049805,-9.428571701049805,0,0,3
32,7,1,1,2,1,0,1,20,3,1,21,3,1,19,4,33,17,0,0,1,1,0.9666666388511658,0,0,22,22.5,-0.5,20,24.642858505249023,-4.642858505249023,21,21.428571701049805,-0.4285717010498047,0,0,3
30,7,1,1,0,1,1,1,27,3,1,28,4,1,28,5,0,17,0,0,1,1,0.1666666716337204,0.8333333134651184,0,29,22.5,6.5,29,24.642858505249023,4.357141494750977,28,21.428571701049805,6.571428298950195,1,0,3
31,5,1,0,2,1,0,0,21,3,1,10,4,1,20,3,85,17,0,1,0,1,0.1666666716337204,0.1666666716337204,0,11,22.5,-11.5,21,24.642858505249023,-3.6428585052490234,21,21.428571701049805,-0.4285717010498047,0,0,3
29,6,1,0,3,0,0,1,29,1,0,12,3,1,18,3,53,17,0,0,1,1,0,0.9666666388511658,0,12,22.5,-10.5,19,24.642858505249023,-5.642858505249023,30,21.428571701049805,8.571428298950195,0,0,2
29,6,0,0,0,0,1,1,18,3,0,27,3,0,21,3,43,17,0,1,1,1,0.1666666716337204,0.1666666716337204,0,27,22.5,4.5,21,24.642858505249023,-3.6428585052490234,19,21.428571701049805,-2.4285717010498047,1,1,2
26,6,1,1,2,1,1,1,25,4,1,28,5,1,29,5,100,17,1,1,1,1,0.1666666716337204,0,0,29,22.5,6.5,30,24.642858505249023,5.357141494750977,26,21.428571701049805,4.571428298950195,1,1,2
29,6,1,0,1,1,0,1,17,3,1,20,3,1,13,3,45,17,0,1,1,1,0.6666666865348816,0.3333333432674408,0,21,22.5,-1.5,14,24.642858505249023,-10.642858505249023,18,21.428571701049805,-3.4285717010498047,0,0,2
32,7,1,0,1,1,0,1,20,4,0,9,4,0,10,4,50,17,0,1,1,1,0.1666666716337204,0.1666666716337204,0,9,22.5,-13.5,10,24.642858505249023,-14.642858505249023,21,21.428571701049805,-0.4285717010498047,0,0,3
30,6,1,1,3,1,0,0,25,1,1,20,1,1,29,1,23,17,1,0,1,1,0,0,0,21,22.5,-1.5,30,24.642858505249023,5.357141494750977,25,21.428571701049805,3.5714282989501953,0,0,3
